"Instituto","Campus","Co_unidade_ensino","Cidade","Sigla"
"INSTITUTO FEDERAL DO ACRE","CAMPUS CRUZEIRO DO SUL","14329","CRUZEIRO DO SUL","AC"
"INSTITUTO FEDERAL DO ACRE","CAMPUS AVANÇADO RIO BRANCO BAIXADA DO SOL","31976","RIO BRANCO","AC"
"INSTITUTO FEDERAL DO ACRE","CAMPUS RIO BRANCO","13912","RIO BRANCO","AC"
"INSTITUTO FEDERAL DO ACRE","CAMPUS SENA MADUREIRA","14328","SENA MADUREIRA","AC"
"INSTITUTO FEDERAL DO ACRE","CAMPUS TARAUACÁ","42624","TARAUACÁ","AC"
"INSTITUTO FEDERAL DO ACRE","CAMPUS XAPURI","20409","XAPURI","AC"
"INSTITUTO FEDERAL DE ALAGOAS","CAMPUS ARAPIRACA","14547","ARAPIRACA","AL"
"INSTITUTO FEDERAL DE ALAGOAS","CAMPUS BATALHA","32006","BATALHA","AL"
"INSTITUTO FEDERAL DE ALAGOAS","CAMPUS CORURIPE","32010","CORURIPE","AL"
"IFAL","CAMPUS AVANÇADO MACEIÓ BENEDITO BENTES","43089","MACEIÓ","AL"
"INSTITUTO FEDERAL DE ALAGOAS","CAMPUS MACEIÓ","2854","MACEIÓ","AL"
"UNIVERSIDADE FEDERAL DE ALAGOAS","ESCOLA TÉCNICA DE ARTES","3820","MACEIÓ","AL"
"INSTITUTO FEDERAL DE ALAGOAS","CAMPUS MARAGOGI","14549","MARAGOGI","AL"
"INSTITUTO FEDERAL DE ALAGOAS","CAMPUS MARECHAL DEODORO","2870","MARECHAL DEODORO","AL"
"INSTITUTO FEDERAL DE ALAGOAS","CAMPUS MURICI","14551","MURICI","AL"
"INSTITUTO FEDERAL DE ALAGOAS","CAMPUS PALMEIRA DOS ÍNDIOS","2864","PALMEIRA DOS ÍNDIOS","AL"
"INSTITUTO FEDERAL DE ALAGOAS","CAMPUS PENEDO","14548","PENEDO","AL"
"INSTITUTO FEDERAL DE ALAGOAS","CAMPUS PIRANHAS","14550","PIRANHAS","AL"
"INSTITUTO FEDERAL DE ALAGOAS","CAMPUS RIO LARGO","32016","RIO LARGO","AL"
"INSTITUTO FEDERAL DE ALAGOAS","CAMPUS SANTANA DO IPANEMA","14552","SANTANA DO IPANEMA","AL"
"INSTITUTO FEDERAL DE ALAGOAS","CAMPUS SÃO MIGUEL DOS CAMPOS","14553","SÃO MIGUEL DOS CAMPOS","AL"
"INSTITUTO FEDERAL DE ALAGOAS","CAMPUS SATUBA","2855","SATUBA","AL"
"INSTITUTO FEDERAL DE ALAGOAS","CAMPUS VIÇOSA","32002","VIÇOSA","AL"
"INSTITUTO FEDERAL DO AMAPÁ","CAMPUS LARANJAL DO JARI","14131","LARANJAL DO JARI","AP"
"INSTITUTO FEDERAL DO AMAPÁ","CAMPUS MACAPÁ","14183","MACAPÁ","AP"
"INSTITUTO FEDERAL DO AMAPÁ","CAMPUS AVANÇADO OIAPOQUE","44312","OIAPOQUE","AP"
"INSTITUTO FEDERAL DO AMAPÁ","CENTRO DE REFERÊNCIA PEDRA BRANCA DO AMAPARI","32607","PEDRA BRANCA DO AMAPARI","AP"
"INSTITUTO FEDERAL DO AMAPÁ","CAMPUS PORTO GRANDE","32107","PORTO GRANDE","AP"
"INSTITUTO FEDERAL DO AMAPÁ","CAMPUS SANTANA","32109","SANTANA","AP"
"INSTITUTO FEDERAL DE EDUCAÇÃO DO AMAZONAS","CAMPUS AVANÇADO BOCA DO ACRE","47848","BOCA DO ACRE","AM"
"INSTITUTO FEDERAL DO AMAZONAS","CAMPUS COARI","2897","COARI","AM"
"INSTITUTO FEDERAL DO AMAZONAS","CAMPUS EIRUNEPÉ","32456","EIRUNEPÉ","AM"
"INSTITUTO FEDERAL DO AMAZONAS","CAMPUS HUMAITÁ","32063","HUMAITÁ","AM"
"INSTITUTO FEDERAL DO AMAZONAS","CAMPUS AVANÇADO IRANDUBA","43368","IRANDUBA","AM"
"INSTITUTO FEDERAL DO AMAZONAS","CAMPUS ITACOATIARA","32455","ITACOATIARA","AM"
"INSTITUTO FEDERAL DO AMAZONAS","CAMPUS LÁBREA","13779","LÁBREA","AM"
"INSTITUTO FEDERAL DO AMAZONAS","CAMPUS AVANÇADO MANACAPURU","32491","MANACAPURU","AM"
"INSTITUTO FEDERAL DO AMAZONAS","CAMPUS MANAUS CENTRO","2889","MANAUS","AM"
"INSTITUTO FEDERAL DO AMAZONAS","CAMPUS MANAUS DISTRITO INDUSTRIAL","2893","MANAUS","AM"
"INSTITUTO FEDERAL DO AMAZONAS","CAMPUS MANAUS ZONA LESTE","2902","MANAUS","AM"
"INSTITUTO FEDERAL DO AMAZONAS","CAMPUS MAUÉS","13783","MAUÉS","AM"
"INSTITUTO FEDERAL DO AMAZONAS","CAMPUS PARINTINS","13792","PARINTINS","AM"
"INSTITUTO FEDERAL DO AMAZONAS","CAMPUS PRESIDENTE FIGUEIREDO","13795","PRESIDENTE FIGUEIREDO","AM"
"INSTITUTO FEDERAL DO AMAZONAS","CAMPUS SÃO GABRIEL DA CACHOEIRA","2983","SÃO GABRIEL DA CACHOEIRA","AM"
"INSTITUTO FEDERAL DO AMAZONAS","CAMPUS TABATINGA","13796","TABATINGA","AM"
"INSTITUTO FEDERAL DO AMAZONAS","CAMPUS TEFÉ","32454","TEFÉ","AM"
"INSTITUTO FEDERAL BAIANO","CAMPUS ALAGOINHAS","31999","ALAGOINHAS","BA"
"INSTITUTO FEDERAL DA BAHIA","CAMPUS BARREIRAS","2886","BARREIRAS","BA"
"INSTITUTO FEDERAL BAIANO","CAMPUS BOM JESUS DA LAPA","13623","BOM JESUS DA LAPA","BA"
"INSTITUTO FEDERAL DA BAHIA","CAMPUS BRUMADO","32087","BRUMADO","BA"
"INSTITUTO FEDERAL DA BAHIA","CAMPUS CAMAÇARI","2882","CAMAÇARI","BA"
"INSTITUTO FEDERAL BAIANO","CAMPUS CATU","2946","CATU","BA"
"INSTITUTO FEDERAL DA BAHIA","CAMPUS AVANÇADO DIAS D\\\'ÁVILA","32033","DIAS D´ÁVILA","BA"
"INSTITUTO FEDERAL DA BAHIA","CAMPUS EUCLIDES DA CUNHA","32035","EUCLIDES DA CUNHA","BA"
"INSTITUTO FEDERAL DA BAHIA","CAMPUS EUNÁPOLIS","2879","EUNÁPOLIS","BA"
"INSTITUTO FEDERAL DA BAHIA","CAMPUS FEIRA DE SANTANA","20103","FEIRA DE SANTANA","BA"
"INSTITUTO FEDERAL BAIANO","CAMPUS GOVERNADOR MANGABEIRA","23625","GOVERNADOR MANGABEIRA","BA"
"INSTITUTO FEDERAL BAIANO","CAMPUS GUANAMBI","2945","GUANAMBI","BA"
"INSTITUTO FEDERAL DA BAHIA","CAMPUS ILHÉUS","20100","ILHÉUS","BA"
"INSTITUTO FEDERAL DA BAHIA","CAMPUS IRECÊ","20098","IRECÊ","BA"
"INSTITUTO FEDERAL BAIANO","CAMPUS ITABERABA","44280","ITABERABA","BA"
"INSTITUTO FEDERAL BAIANO","CAMPUS ITAPETINGA","2948","ITAPETINGA","BA"
"INSTITUTO FEDERAL DA BAHIA","CAMPUS JACOBINA","20101","JACOBINA","BA"
"INSTITUTO FEDERAL DA BAHIA","CAMPUS JEQUIÉ","20097","JEQUIÉ","BA"
"INSTITUTO FEDERAL DA BAHIA","CAMPUS JUAZEIRO","32036","JUAZEIRO","BA"
"INSTITUTO FEDERAL DA BAHIA","CAMPUS LAURO DE FREITAS","32037","LAURO DE FREITAS","BA"
"INSTITUTO FEDERAL DA BAHIA","CAMPUS PAULO AFONSO","20099","PAULO AFONSO","BA"
"INSTITUTO FEDERAL DA BAHIA","CAMPUS PORTO SEGURO","2880","PORTO SEGURO","BA"
"INSTITUTO FEDERAL BAIANO","CENTRO DE REFERÊNCIA DOIS DE JULHO","44846","SALVADOR","BA"
"INSTITUTO FEDERAL DA BAHIA","CAMPUS SALVADOR","2859","SALVADOR","BA"
"INSTITUTO FEDERAL BAIANO","CAMPUS SANTA INÊS","2947","SANTA INÊS","BA"
"INSTITUTO FEDERAL DA BAHIA","CAMPUS SANTO AMARO","2866","SANTO AMARO","BA"
"INSTITUTO FEDERAL DA BAHIA","CAMPUS SANTO ANTÔNIO DE JESUS","32040","SANTO ANTÔNIO DE JESUS","BA"
"INSTITUTO FEDERAL DA BAHIA","CAMPUS SEABRA","20102","SEABRA","BA"
"INSTITUTO FEDERAL BAIANO","CAMPUS SENHOR DO BONFIM","2949","SENHOR DO BONFIM","BA"
"INSTITUTO FEDERAL BAIANO –","CAMPUS SERRINHA","44046","SERRINHA","BA"
"INSTITUTO FEDERAL DA BAHIA","CAMPUS SIMÕES FILHO","2863","SIMÕES FILHO","BA"
"INSTITUTO FEDERAL BAIANO","CAMPUS TEIXEIRA DE FREITAS","2950","TEIXEIRA DE FREITAS","BA"
"INSTITUTO FEDERAL DA BAHIA","CAMPUS AVANÇADO UBAITABA","42669","UBAITABA","BA"
"INSTITUTO FEDERAL BAIANO","CAMPUS URUÇUCA","2951","URUÇUCA","BA"
"INSTITUTO FEDERAL BAIANO","CAMPUS VALENÇA","2952","VALENÇA","BA"
"INSTITUTO FEDERAL DA BAHIA","CAMPUS VALENÇA TENTO","2871","VALENÇA","BA"
"INSTITUTO FEDERAL DA BAHIA","CAMPUS VITÓRIA DA CONQUISTA","2876","VITÓRIA DA CONQUISTA","BA"
"INSTITUTO FEDERAL BAIANO","CAMPUS XIQUE-XIQUE","44279","XIQUE-XIQUE","BA"
"INSTITUTO FEDERAL DO CEARÁ","CAMPUS ACARAÚ","14223","ACARAÚ","CE"
"INSTITUTO FEDERAL DO CEARÁ","CAMPUS ACOPIARA","31985","ACOPIARA","CE"
"INSTITUTO FEDERAL DO CEARÁ","CAMPUS ARACATI","20412","ARACATI","CE"
"INSTITUTO FEDERAL DO CEARÁ","CAMPUS BATURITÉ","14190","BATURITÉ","CE"
"INSTITUTO FEDERAL DO CEARÁ","CAMPUS BOA VIAGEM","31986","BOA VIAGEM","CE"
"INSTITUTO FEDERAL DO CEARÁ","CAMPUS CAMOCIM","20434","CAMOCIM","CE"
"INSTITUTO FEDERAL DO CEARÁ","CAMPUS CANINDÉ","13842","CANINDÉ","CE"
"INSTITUTO FEDERAL DO CEARÁ","CAMPUS AVANÇADO PECÉM","44156","CAUCAIA","CE"
"INSTITUTO FEDERAL DO CEARÁ","CAMPUS CAUCAIA","20435","CAUCAIA","CE"
"INSTITUTO FEDERAL DO CEARÁ","CAMPUS CEDRO","2985","CEDRO","CE"
"INSTITUTO FEDERAL DO CEARÁ","CAMPUS CRATEÚS","14225","CRATEÚS","CE"
"INSTITUTO FEDERAL DO CEARÁ","CAMPUS CRATO","2989","CRATO","CE"
"INSTITUTO FEDERAL DO CEARÁ","CAMPUS FORTALEZA","2984","FORTALEZA","CE"
"INSTITUTO FEDERAL DO CEARÁ","CAMPUS AVANÇADO GUARAMIRANGA","42049","GUARAMIRANGA","CE"
"INSTITUTO FEDERAL DO CEARÁ","CAMPUS HORIZONTE","31987","HORIZONTE","CE"
"INSTITUTO FEDERAL DO CEARÁ","CAMPUS AVANÇADO ICAPUÍ","42127","ICAPUÍ","CE"
"INSTITUTO FEDERAL DO CEARÁ","CAMPUS IGUATU","2990","IGUATU","CE"
"INSTITUTO FEDERAL DO CEARÁ","CAMPUS ITAPIPOCA","31995","ITAPIPOCA","CE"
"INSTITUTO FEDERAL DO CEARÁ","CAMPUS JAGUARIBE","20084","JAGUARIBE","CE"
"INSTITUTO FEDERAL DO CEARÁ","CAMPUS AVANÇADO JAGUARUANA","42044","JAGUARUANA","CE"
"INSTITUTO FEDERAL DO CEARÁ","CAMPUS JUAZEIRO DO NORTE","2986","JUAZEIRO DO NORTE","CE"
"INSTITUTO FEDERAL DO CEARÁ","CAMPUS LIMOEIRO DO NORTE","3575","LIMOEIRO DO NORTE","CE"
"INSTITUTO FEDERAL DO CEARÁ","CAMPUS MARACANAÚ","2988","MARACANAÚ","CE"
"INSTITUTO FEDERAL DO CEARÁ","CAMPUS MARANGUAPE","31996","MARANGUAPE","CE"
"INSTITUTO FEDERAL DO CEARÁ","CAMPUS MORADA NOVA","20436","MORADA NOVA","CE"
"INSTITUTO FEDERAL DO CEARÁ","CAMPUS PARACURU","31997","PARACURU","CE"
"INSTITUTO FEDERAL DO CEARÁ","CAMPUS QUIXADÁ","3007","QUIXADÁ","CE"
"INSTITUTO FEDERAL DO CEARÁ","CENTRO DE REFERÊNCIA QUIXERAMOBIM","42230","QUIXERAMOBIM","CE"
"INSTITUTO FEDERAL DO CEARÁ","CAMPUS AVANÇADO SANTA QUITÉRIA","42045","SANTA QUITÉRIA","CE"
"INSTITUTO FEDERAL DO CEARÁ","CAMPUS SOBRAL","3571","SOBRAL","CE"
"INSTITUTO FEDERAL DO CEARÁ","CAMPUS TABULEIRO DO NORTE","20437","TABULEIRO DO NORTE","CE"
"INSTITUTO FEDERAL DO CEARÁ","CAMPUS TAUÁ","14194","TAUÁ","CE"
"INSTITUTO FEDERAL DO CEARÁ","CAMPUS TIANGUÁ","14191","TIANGUÁ","CE"
"INSTITUTO FEDERAL DO CEARÁ","CAMPUS UBAJARA","20438","UBAJARA","CE"
"INSTITUTO FEDERAL DO CEARÁ","CAMPUS UMIRIM","31090","UMIRIM","CE"
"INSTITUTO FEDERAL DE BRASÍLIA","CAMPUS AVANÇADO SOBRADINHO","32334","BRASÍLIA","DF"
"INSTITUTO FEDERAL DE BRASÍLIA","CAMPUS BRASÍLIA","13349","BRASÍLIA","DF"
"INSTITUTO FEDERAL DE BRASILIA","CAMPUS CEILÂNDIA","21892","BRASÍLIA","DF"
"INSTITUTO FEDERAL DE BRASÍLIA","CAMPUS ESTRUTURAL","21778","BRASÍLIA","DF"
"INSTITUTO FEDERAL DE BRASÍLIA","CAMPUS GAMA","13369","BRASÍLIA","DF"
"INSTITUTO FEDERAL DE BRASÍLIA","CAMPUS PLANALTINA","2803","BRASÍLIA","DF"
"INSTITUTO FEDERAL DE BRASILIA","CAMPUS RECANTO DAS EMAS","20892","BRASÍLIA","DF"
"INSTITUTO FEDERAL DE BRASÍLIA","CAMPUS RIACHO FUNDO","20568","BRASÍLIA","DF"
"INSTITUTO FEDERAL DE BRASÍLIA","CAMPUS SAMAMBAIA","13368","BRASÍLIA","DF"
"INSTITUTO FEDERAL DE BRASÍLIA","CAMPUS SÃO SEBASTIÃO","20567","BRASÍLIA","DF"
"INSTITUTO FEDERAL DE BRASÍLIA","CAMPUS TAGUATINGA","13367","BRASÍLIA","DF"
"INSTITUTO FEDERAL DO ESPÍRITO SANTO","CAMPUS ALEGRE","2891","ALEGRE","ES"
"INSTITUTO FEDERAL DO ESPÍRITO SANTO","CAMPUS ARACRUZ","3519","ARACRUZ","ES"
"INSTITUTO FEDERAL DO ESPÍRITO SANTO","CAMPUS BARRA DE SÃO FRANCISCO","22588","BARRA DE SÃO FRANCISCO","ES"
"INSTITUTO FEDERAL DO ESPÍRITO SANTO","CAMPUS CACHOEIRO DE ITAPEMIRIM","2894","CACHOEIRO DE ITAPEMIRIM","ES"
"INSTITUTO FEDERAL DO ESPÍRITO SANTO","CAMPUS CARIACICA","2892","CARIACICA","ES"
"INSTITUTO FEDERAL DO ESPÍRITO SANTO","CAMPUS COLATINA","2896","COLATINA","ES"
"INSTITUTO FEDERAL DO ESPÍRITO SANTO","CAMPUS ITAPINA","2895","COLATINA","ES"
"INSTITUTO FEDERAL DO ESPÍRITO SANTO","CAMPUS GUARAPARI","13838","GUARAPARI","ES"
"INSTITUTO FEDERAL DO ESPÍRITO SANTO","CAMPUS IBATIBA","14500","IBATIBA","ES"
"INSTITUTO FEDERAL DO ESPÍRITO SANTO","CAMPUS LINHARES","3521","LINHARES","ES"
"INSTITUTO FEDERAL DO ESPÍRITO SANTO","CAMPUS MONTANHA","22587","MONTANHA","ES"
"INSTITUTO FEDERAL DO ESPÍRITO SANTO","CAMPUS NOVA VENÉCIA","3520","NOVA VENÉCIA","ES"
"INSTITUTO FEDERAL DO ESPÍRITO SANTO","CAMPUS PIÚMA","13839","PIÚMA","ES"
"INSTITUTO FEDERAL DO ESPÍRITO SANTO","CAMPUS CENTRO SERRANO","20571","SANTA MARIA DE JETIBÁ","ES"
"INSTITUTO FEDERAL DO ESPÍRITO SANTO","CAMPUS SANTA TERESA","2898","SANTA TERESA","ES"
"INSTITUTO FEDERAL DO ESPÍRITO SANTO","CAMPUS SÃO MATEUS","2899","SÃO MATEUS","ES"
"INSTITUTO FEDERAL DO ESPÍRITO SANTO","CAMPUS SERRA","2900","SERRA","ES"
"INSTITUTO FEDERAL DO ESPÍRITO SANTO","CAMPUS VENDA NOVA DO IMIGRANTE","13597","VENDA NOVA DO IMIGRANTE","ES"
"INSTITUTO FEDERAL DO ESPÍRITO SANTO","CAMPUS AVANÇADO VIANA","32320","VIANA","ES"
"INSTITUTO FEDERAL DO ESPÍRITO SANTO","CAMPUS VILA VELHA","20113","VILA VELHA","ES"
"INSTITUTO FEDERAL DO ESPÍRITO SANTO","CAMPUS VITÓRIA","2884","VITÓRIA","ES"
"INSTITUTO FEDERAL DO ESPIRITO SANTO","CENTRO DE REFERÊNCIA EM FORMAÇÃO E EM EDUCAÇÃO A DISTÂNCIA","42638","VITÓRIA","ES"
"INSTITUTO FEDERAL DE GOIÁS","CAMPUS ÁGUAS LINDAS DE GOIÁS","31967","ÁGUAS LINDAS DE GOIÁS","GO"
"INSTITUTO FEDERAL DE GOIÁS","CAMPUS ÁGUAS LINDAS DE GOIÁS","20427","ÁGUAS LINDAS DE GOIÁS","GO"
"INSTITUTO FEDERAL DE GOIÁS","CAMPUS ANÁPOLIS","13791","ANÁPOLIS","GO"
"INSTITUTO FEDERAL DE GOIÁS","CAMPUS APARECIDA DE GOIÂNIA","20430","APARECIDA DE GOIÂNIA","GO"
"INSTITUTO FEDERAL GOIANO","CAMPUS CAMPOS BELOS","32229","CAMPOS BELOS","GO"
"INSTITUTO FEDERAL GOIANO","CAMPUS AVANÇADO CATALÃO","32225","CATALÃO","GO"
"INSTITUTO FEDERAL GOIANO","CAMPUS CERES","2953","CERES","GO"
"INSTITUTO FEDERAL GOIANO","CAMPUS CRISTALINA","32227","CRISTALINA","GO"
"INSTITUTO FEDERAL DE GOIÁS","CAMPUS FORMOSA","13793","FORMOSA","GO"
"INSTITUTO FEDERAL DE GOIÁS","CAMPUS GOIÂNIA","3001","GOIÂNIA","GO"
"INSTITUTO FEDERAL DE GOIÁS","CAMPUS GOIÂNIA OESTE","20433","GOIÂNIA","GO"
"INSTITUTO FEDERAL DE GOIÁS","CAMPUS GOIÂNIA OESTE","32021","GOIÂNIA","GO"
"INSTITUTO FEDERAL DE GOIÁS","CAMPUS CIDADE DE GOIÁS","20417","GOIÁS","GO"
"INSTITUTO FEDERAL GOIANO","CAMPUS AVANÇADO HIDROLÂNDIA","32228","HIDROLÂNDIA","GO"
"INSTITUTO FEDERAL DE GOIÁS","CAMPUS INHUMAS","3003","INHUMAS","GO"
"INSTITUTO FEDERAL GOIANO","CAMPUS AVANÇADO IPAMERI","42052","IPAMERI","GO"
"INSTITUTO FEDERAL GOIANO","CAMPUS IPORÁ","14085","IPORÁ","GO"
"INSTITUTO FEDERAL DE GOIÁS","CAMPUS ITUMBIARA","3508","ITUMBIARA","GO"
"INSTITUTO FEDERAL DE GOIÁS","CAMPUS JATAÍ","3002","JATAÍ","GO"
"INSTITUTO FEDERAL DE GOIÁS","CAMPUS LUZIÂNIA","13794","LUZIÂNIA","GO"
"INSTITUTO FEDERAL GOIANO","CAMPUS MORRINHOS","2955","MORRINHOS","GO"
"INSTITUTO FEDERAL GOIANO","CAMPUS POSSE","32230","POSSE","GO"
"INSTITUTO FEDERAL GOIANO","CAMPUS RIO VERDE","2954","RIO VERDE","GO"
"INSTITUTO FEDERAL DE GOIÁS","CAMPUS SENADOR CANEDO","42670","SENADOR CANEDO","GO"
"INSTITUTO FEDERAL GOIANO","CAMPUS TRINDADE","32231","TRINDADE","GO"
"INSTITUTO FEDERAL DE GOIÁS","CAMPUS URUAÇU","3509","URUAÇU","GO"
"INSTITUTO FEDERAL GOIANO","CAMPUS URUTAÍ","2956","URUTAÍ","GO"
"INSTITUTO FEDERAL DE GOIÁS","CAMPUS VALPARAÍSO DE GOIÁS","31961","VALPARAÍSO DE GOIÁS","GO"
"INSTITUTO FEDERAL DO MARANHÃO","CAMPUS AÇAILÂNDIA","2910","AÇAILÂNDIA","MA"
"INSTITUTO FEDERAL DO MARANHÃO","CAMPUS ALCÂNTARA","13886","ALCÂNTARA","MA"
"INSTITUTO FEDERAL DO MARANHÃO","CAMPUS ARAIOSES","42174","ARAIOSES","MA"
"INSTITUTO FEDERAL DO MARANHÃO","CAMPUS BACABAL","20183","BACABAL","MA"
"INSTITUTO FEDERAL DO MARANHÃO","CAMPUS BARRA DO CORDA","20106","BARRA DO CORDA","MA"
"INSTITUTO FEDERAL DO MARANHÃO","CAMPUS BARREIRINHAS","20092","BARREIRINHAS","MA"
"INSTITUTO FEDERAL DO MARANHÃO","CAMPUS BURITICUPU","2908","BURITICUPU","MA"
"INSTITUTO FEDERAL DO MARANHÃO","CAMPUS AVANÇADO CAROLINA","42117","CAROLINA","MA"
"INSTITUTO FEDERAL DO MARANHÃO","CAMPUS CAXIAS","20382","CAXIAS","MA"
"INSTITUTO FEDERAL DO MARANHÃO","CAMPUS CODÓ","2904","CODÓ","MA"
"INSTITUTO FEDERAL DO MARANHÃO","CAMPUS COELHO NETO","23516","COELHO NETO","MA"
"INSTITUTO FEDERAL DO MARANHÃO","CAMPUS GRAJAÚ","32133","GRAJAÚ","MA"
"INSTITUTO FEDERAL DO MARANHÃO","CAMPUS IMPERATRIZ","2905","IMPERATRIZ","MA"
"INSTITUTO FEDERAL DO MARANHÃO","CAMPUS ITAPECURU MIRIM","42113","ITAPECURU MIRIM","MA"
"INSTITUTO FEDERAL DO MARANHÃO","CAMPUS PEDREIRAS","32134","PEDREIRAS","MA"
"INSTITUTO FEDERAL DO MARANHÃO","CAMPUS PINHEIRO","20290","PINHEIRO","MA"
"INSTITUTO FEDERAL DO MARANHÃO","CAMPUS AVANÇADO PORTO FRANCO","42115","PORTO FRANCO","MA"
"INSTITUTO FEDERAL DO MARANHÃO","CAMPUS PRESIDENTE DUTRA","42175","PRESIDENTE DUTRA","MA"
"INSTITUTO FEDERAL DO MARANHÃO","CAMPUS AVANÇADO ROSÁRIO","42173","ROSÁRIO","MA"
"INSTITUTO FEDERAL DO MARANHÃO","CAMPUS SANTA INÊS","2911","SANTA INÊS","MA"
"INSTITUTO FEDERAL DO MARANHÃO","CAMPUS SÃO JOÃO DOS PATOS","20096","SÃO JOÃO DOS PATOS","MA"
"INSTITUTO FEDERAL DO MARANHÃO","CAMPUS SÃO JOSÉ DE RIBAMAR","42176","SÃO JOSÉ DE RIBAMAR","MA"
"IFMA","CENTRO DE REFERENCIA TECNOLOGICA","45166","SÃO LUÍS","MA"
"INSTITUTO FEDERAL DO MARANHÃO","CAMPUS SÃO LUÍS CENTRO HISTÓRICO","2909","SÃO LUÍS","MA"
"INSTITUTO FEDERAL DO MARANHÃO","CAMPUS SÃO LUÍS MARACANÃ","2903","SÃO LUÍS","MA"
"INSTITUTO FEDERAL DO MARANHÃO","CAMPUS SÃO LUÍS MONTE CASTELO","2901","SÃO LUÍS","MA"
"UNIVERSIDADE FEDERAL DO MARANHÃO","COLÉGIO UNIVERSITÁRIO","12973","SÃO LUÍS","MA"
"INSTITUTO FEDERAL DO MARANHÃO","CAMPUS SÃO RAIMUNDO DAS MANGABEIRAS","2907","SÃO RAIMUNDO DAS MANGABEIRAS","MA"
"INSTITUTO FEDERAL DO MARANHÃO","CAMPUS TIMON","20381","TIMON","MA"
"INSTITUTO FEDERAL DO MARANHÃO","CAMPUS VIANA","42070","VIANA","MA"
"INSTITUTO FEDERAL DO MARANHÃO","CAMPUS ZÉ DOCA","2906","ZÉ DOCA","MA"
"INSTITUTO FEDERAL DE MATO GROSSO","CAMPUS ALTA FLORESTA","31984","ALTA FLORESTA","MT"
"INSTITUTO FEDERAL DE MATO GROSSO","CAMPUS BARRA DO GARÇAS","20246","BARRA DO GARÇAS","MT"
"INSTITUTO FEDERAL DE MATO GROSSO","CAMPUS CÁCERES","2968","CÁCERES","MT"
"INSTITUTO FEDERAL DE MATO GROSSO","CAMPUS CAMPO NOVO DO PARECIS","3483","CAMPO NOVO DO PARECIS","MT"
"INSTITUTO FEDERAL DE MATO GROSSO","CAMPUS CONFRESA","13511","CONFRESA","MT"
"INSTITUTO FEDERAL DE MATO GROSSO","CAMPUS CUIABÁ","2966","CUIABÁ","MT"
"INSTITUTO FEDERAL DE MATO GROSSO","CAMPUS CUIABÁ BELA VISTA","2967","CUIABÁ","MT"
"INSTITUTO FEDERAL DE MATO GROSSO","CAMPUS AVANÇADO DIAMANTINO","31981","DIAMANTINO","MT"
"INSTITUTO FEDERAL DE MATO GROSSO","CAMPUS AVANÇADO GUARANTA DO NORTE","44307","GUARANTÃ DO NORTE","MT"
"INSTITUTO FEDERAL DE MATO GROSSO","CAMPUS JUÍNA","13512","JUÍNA","MT"
"INSTITUTO FEDERAL DE MATO GROSSO","CAMPUS AVANÇADO LUCAS DO RIO VERDE","44306","LUCAS DO RIO VERDE","MT"
"INSTITUTO FEDERAL DE MATO GROSSO","CAMPUS PONTES E LACERDA","3485","PONTES E LACERDA","MT"
"INSTITUTO FEDERAL DE MATO GROSSO","CAMPUS PRIMAVERA DO LESTE","31284","PRIMAVERA DO LESTE","MT"
"INSTITUTO FEDERAL DE MATO GROSSO","CAMPUS RONDONÓPOLIS","20148","RONDONÓPOLIS","MT"
"INSTITUTO FEDERAL DE MATO GROSSO","CAMPUS SÃO VICENTE","2969","SANTO ANTÔNIO DO LEVERGER","MT"
"INSTITUTO FEDERAL DE MATO GROSSO","CAMPUS AVANÇADO SINOP","31982","SINOP","MT"
"INSTITUTO FEDERAL DE MATO GROSSO","CAMPUS SORRISO","20454","SORRISO","MT"
"INSTITUTO FEDERAL DE MATO GROSSO","CAMPUS AVANÇADO TANGARÁ DA SERRA","31983","TANGARÁ DA SERRA","MT"
"INSTITUTO FEDERAL DE MATO GROSSO","CAMPUS VÁRZEA GRANDE","42681","VÁRZEA GRANDE","MT"
"INSTITUTO FEDERAL DO MATO GROSSO DO SUL","CAMPUS AQUIDAUANA","13892","AQUIDAUANA","MS"
"INSTITUTO FEDERAL DO MATO GROSSO DO SUL","CAMPUS CAMPO GRANDE","12485","CAMPO GRANDE","MS"
"UNIVERSIDADE FEDERAL DO MATO GROSSO DO SUL","CENTRO DE CAPACITAÇÃO EM SAÚDE E AMBIENTE ","21449","CAMPO GRANDE","MS"
"INSTITUTO FEDERAL DO MATO GROSSO DO SUL","CAMPUS CORUMBÁ","14144","CORUMBÁ","MS"
"INSTITUTO FEDERAL DO MATO GROSSO DO SUL","CAMPUS COXIM","13893","COXIM","MS"
"INSTITUTO FEDERAL DO MATO GROSSO DO SUL","CAMPUS DOURADOS","42565","DOURADOS","MS"
"INSTITUTO FEDERAL DO MATO GROSSO DO SUL","CAMPUS JARDIM","42563","JARDIM","MS"
"INSTITUTO FEDERAL DO MATO GROSSO DO SUL","CAMPUS NAVIRAÍ","42566","NAVIRAÍ","MS"
"INSTITUTO FEDERAL DO MATO GROSSO DO SUL","CAMPUS NOVA ANDRADINA","13447","NOVA ANDRADINA","MS"
"INSTITUTO FEDERAL DO MATO GROSSO DO SUL","CAMPUS PONTA PORÃ","13894","PONTA PORÃ","MS"
"INSTITUTO FEDERAL DO MATO GROSSO DO SUL","CAMPUS TRÊS LAGOAS","13891","TRÊS LAGOAS","MS"
"INSTITUTO FEDERAL DE MINAS GERAIS","CENTRO DE REFERÊNCIA ABRE CAMPO","42302","ABRE CAMPO","MG"
"INSTITUTO FEDERAL DE MINAS GERAIS","CENTRO DE REFERÊNCIA DE ÁGUA BOA","42263","ÁGUA BOA","MG"
"INSTITUTO FEDERAL DO SUL DE MINAS GERAIS","CENTRO DE REFERÊNCIA ALFENAS","42870","ALFENAS","MG"
"INSTITUTO FEDERAL DO NORTE DE MINAS GERAIS","CAMPUS ALMENARA","14170","ALMENARA","MG"
"INSTITUTO FEDERAL DO SUL DE MINAS GERAIS","CENTRO DE REFERÊNCIA ALTEROSA","42872","ALTEROSA","MG"
"INSTITUTO FEDERAL DE MINAS GERAIS","CENTRO DE REFERÊNCIA DE ALVINÓPOLIS","42250","ALVINÓPOLIS","MG"
"INSTITUTO FEDERAL DO SUL DE MINAS GERAIS","CENTRO DE REFERÊNCIA ANDRADAS","42863","ANDRADAS","MG"
"INSTITUTO FEDERAL DO SUL DE MINAS GERAIS","CENTRO DE REFERÊNCIA ANDRELÂNDIA","42856","ANDRELÂNDIA","MG"
"INSTITUTO FEDERAL DE MINAS GERAIS","CENTRO DE REFERÊNCIA DE ANTÔNIO PRADO DE MINAS","42277","ANTÔNIO PRADO DE MINAS","MG"
"INSTITUTO FEDERAL DO NORTE DE MINAS GERAIS","CAMPUS ARAÇUAÍ","13649","ARAÇUAÍ","MG"
"CENTRO FEDERAL DE EDUCAÇÃO TECNOLÓGICA DE MINAS GERAIS","UNED ARAXÁ","3043","ARAXÁ","MG"
"INSTITUTO FEDERAL DE MINAS GERAIS","CAMPUS AVANÇADO ARCOS","44473","ARCOS","MG"
"INSTITUTO FEDERAL DO NORTE DE MINAS GERAIS","CAMPUS ARINOS","13209","ARINOS","MG"
"INSTITUTO FEDERAL DE MINAS GERAIS","CAMPUS BAMBUÍ","2996","BAMBUÍ","MG"
"INSTITUTO FEDERAL DE MINAS GERAIS","CENTRO DE REFERÊNCIA DE BARÃO DE COCAIS","42251","BARÃO DE COCAIS","MG"
"INSTITUTO FEDERAL DO SUDESTE DE MINAS GERAIS","CAMPUS BARBACENA","2957","BARBACENA","MG"
"CENTRO FEDERAL DE EDUCAÇÃO TECNOLÓGICA DE MINAS GERAIS","UNIDADE BELO HORIZONTE","3036","BELO HORIZONTE","MG"
"UFMG","TEATRO UNIVERSITÁRIO","44742","BELO HORIZONTE","MG"
"UNIVERSIDADE FEDERAL DE MINAS GERAIS","COLEGIO TÉCNICO DA UFMG","12977","BELO HORIZONTE","MG"
"INSTITUTO FEDERAL DE MINAS GERAIS","CENTRO DE REFERÊNCIA DE BELO VALE","42243","BELO VALE","MG"
"INSTITUTO FEDERAL DE MINAS GERAIS","CAMPUS BETIM","20439","BETIM","MG"
"INSTITUTO FEDERAL DO SUL DE MINAS GERAIS","CENTRO DE REFERÊNCIA BOA ESPERANÇA","42871","BOA ESPERANÇA","MG"
"INSTITUTO FEDERAL DE MINAS GERAIS","CENTRO DE REFERÊNCIA DE BOM DESPACHO","42261","BOM DESPACHO","MG"
"INSTITUTO FEDERAL DO SUDESTE DE MINAS GERAIS","CAMPUS AVANÇADO BOM SUCESSO","32142","BOM SUCESSO","MG"
"INSTITUTO FEDERAL DO SUL DE MINAS GERAIS","CENTRO DE REFERÊNCIA BOTELHOS","42867","BOTELHOS","MG"
"INSTITUTO FEDERAL DE MINAS GERAIS","CENTRO DE REFERÊNCIA DE BRÁS PIRES","42252","BRÁS PIRES","MG"
"INSTITUTO FEDERAL DE MINAS GERAIS","CENTRO DE REFERÊNCIA DE CAETÉ","42290","CAETÉ","MG"
"INSTITUTO FEDERAL DO SUL DE MINAS GERAIS","CENTRO DE REFERÊNCIA CAMBUÍ","42865","CAMBUÍ","MG"
"INSTITUTO FEDERAL DO SUL DE MINAS GERAIS","CENTRO DE REFERÊNCIA CAMBUQUIRA","42854","CAMBUQUIRA","MG"
"INSTITUTO FEDERAL DO SUL DE MINAS GERAIS","CENTRO DE REFERÊNCIA CAMPESTRE","42868","CAMPESTRE","MG"
"INSTITUTO FEDERAL DO TRIÂNGULO MINEIRO","CAMPUS AVANÇADO CAMPINA VERDE","32004","CAMPINA VERDE","MG"
"INSTITUTO FEDERAL DE MINAS GERAIS","CENTRO DE REFERÊNCIA DE CANDEIAS","42280","CANDEIAS","MG"
"INSTITUTO FEDERAL DO SUL DE MINAS GERAIS","CENTRO DE REFERÊNCIA CAPETINGA","42873","CAPETINGA","MG"
"INSTITUTO FEDERAL DE MINAS GERAIS","CENTRO DE REFERÊNCIA CARANAÍBA","42303","CARANAÍBA","MG"
"INSTITUTO FEDERAL DE MINAS GERAIS","CENTRO DE REFERÊNCIA CARANDAÍ","42304","CARANDAÍ","MG"
"INSTITUTO FEDERAL DE MINAS GERAIS","CENTRO DE REFERÊNCIA CARANGOLA","42298","CARANGOLA","MG"
"INSTITUTO FEDERAL DE MINAS GERAIS","CENTRO DE REFERÊNCIA DE CARMÉSIA","42264","CARMÉSIA","MG"
"INSTITUTO FEDERAL DO SUL DE MINAS GERAIS","CAMPUS AVANÇADO CARMO DE MINAS","32022","CARMO DE MINAS","MG"
"INSTITUTO FEDERAL DE MINAS GERAIS","CENTRO DE REFERÊNCIA DE CARMÓPOLIS DE MINAS","42233","CARMÓPOLIS DE MINAS","MG"
"INSTITUTO FEDERAL DO SUDESTE DE MINAS GERAIS","CENTRO DE REFERÊNCIA CATAGUASES","42205","CATAGUASES","MG"
"INSTITUTO FEDERAL DE MINAS GERAIS","CENTRO DE REFERÊNCIA DE CATAS ALTAS","42253","CATAS ALTAS","MG"
"INSTITUTO FEDERAL DE MINAS GERAIS","CENTRO DE REFERÊNCIA CATAS ALTAS DA NORUEGA","43160","CATAS ALTAS DA NORUEGA","MG"
"INSTITUTO FEDERAL DE MINAS GERAIS","CENTRO DE REFERÊNCIA DE CONCEIÇÃO DO MATO DENTRO","42265","CONCEIÇÃO DO MATO DENTRO","MG"
"INSTITUTO FEDERAL DE MINAS GERAIS","CAMPUS CONGONHAS","2994","CONGONHAS","MG"
"INSTITUTO FEDERAL DE MINAS GERAIS","CAMPUS AVANÇADO CONSELHEIRO LAFAIETE","42278","CONSELHEIRO LAFAIETE","MG"
"CENTRO FEDERAL DE EDUCAÇÃO TECNOLÓGICA DE MINAS GERAIS","UNED CONTAGEM","21662","CONTAGEM","MG"
"INSTITUTO FEDERAL DE MINAS GERAIS","CENTRO DE REFERÊNCIA DE CORDISBURGO","42292","CORDISBURGO","MG"
"INSTITUTO FEDERAL DO NORTE DE MINAS GERAIS","CENTRO DE REFERÊNCIA CORINTO","42742","CORINTO","MG"
"INSTITUTO FEDERAL DE MINAS GERAIS","CENTRO DE REFERÊNCIA DE COROACI","42267","COROACI","MG"
"INSTITUTO FEDERAL DE MINAS GERAIS","CAMPUS AVANÇADO CORONEL FABRICIANO","42116","CORONEL FABRICIANO","MG"
"INSTITUTO FEDERAL DO SUL DE MINAS GERAIS","CENTRO DE REFERÊNCIA CRUZÍLIA","42857","CRUZÍLIA","MG"
"CENTRO FEDERAL DE EDUCAÇÃO TECNOLÓGICA DE MINAS GERAIS","UNED CURVELO","13561","CURVELO","MG"
"INSTITUTO FEDERAL DE MINAS GERAIS","CENTRO DE REFERÊNCIA DE DESTERRO DE ENTRE RIOS","42245","DESTERRO DE ENTRE RIOS","MG"
"INSTITUTO FEDERAL DO NORTE DE MINAS GERAIS","CAMPUS DIAMANTINA","42124","DIAMANTINA","MG"
"INSTITUTO FEDERAL DE MINAS GERAIS","CENTRO DE REFERÊNCIA DE DIVINO","42254","DIVINO","MG"
"CENTRO FEDERAL DE EDUCAÇÃO TECNOLÓGICA DE MINAS GERAIS","UNED DIVINÓPOLIS","3042","DIVINÓPOLIS","MG"
"INSTITUTO FEDERAL DE MINAS GERAIS","CENTRO DE REFERÊNCIA DE DORES DE INDAIÁ","42294","DORES DO INDAIÁ","MG"
"INSTITUTO FEDERAL DE MINAS GERAIS","CENTRO DE REFERÊNCIA DE ENTRE RIOS DE MINAS","42246","ENTRE RIOS DE MINAS","MG"
"UNIVERSIDADE FEDERAL DE VIÇOSA","CENTRO DE ENSINO E DESENVOLVIMENTO AGRÁRIO DA UFV","12566","FLORESTAL","MG"
"INSTITUTO FEDERAL DE MINAS GERAIS","CAMPUS FORMIGA","3228","FORMIGA","MG"
"INSTITUTO FEDERAL DE MINAS GERAIS","CENTRO DE REFERÊNCIA DE GOUVEIA","42268","GOUVEIA","MG"
"INSTITUTO FEDERAL DE MINAS GERAIS","CAMPUS GOVERNADOR VALADARES","13192","GOVERNADOR VALADARES","MG"
"INSTITUTO FEDERAL DE MINAS GERAIS","CENTRO DE REFERÊNCIA DE GUAPÉ","42281","GUAPÉ","MG"
"INSTITUTO FEDERAL DO SUL DE MINAS GERAIS","CENTRO DE REFERÊNCIA GUARANÉSIA","42874","GUARANÉSIA","MG"
"INSTITUTO FEDERAL DE MINAS GERAIS","CAMPUS IBIRITÉ","45961","IBIRITÉ","MG"
"INSTITUTO FEDERAL DE MINAS GERAIS","CENTRO DE REFERÊNCIA DE IGUATAMA","42286","IGUATAMA","MG"
"INSTITUTO FEDERAL DO SUL DE MINAS GERAIS","CAMPUS INCONFIDENTES","2997","INCONFIDENTES","MG"
"INSTITUTO FEDERAL DE MINAS GERAIS","CAMPUS AVANÇADO IPATINGA","42109","IPATINGA","MG"
"INSTITUTO FEDERAL DE MINAS GERAIS","CAMPUS AVANÇADO ITABIRITO","43071","ITABIRITO","MG"
"INSTITUTO FEDERAL DE MINAS GERAIS","CENTRO DE REFERÊNCIA DE ITAGUARA","42235","ITAGUARA","MG"
"INSTITUTO FEDERAL DO SUL DE MINAS GERAIS","CENTRO DE REFERÊNCIA ITANHANDU","42855","ITANHANDU","MG"
"INSTITUTO FEDERAL DE MINAS GERAIS","CENTRO DE REFERÊNCIA DE ITATIAIUÇU","42236","ITATIAIUÇU","MG"
"INSTITUTO FEDERAL DO TRIÂNGULO MINEIRO","CAMPUS ITUIUTABA","3367","ITUIUTABA","MG"
"INSTITUTO FEDERAL DE MINAS GERAIS","CENTRO DE REFERÊNCIA DE JABOTICATUBAS","42288","JABOTICATUBAS","MG"
"INSTITUTO FEDERAL DO SUL DE MINAS GERAIS","CENTRO DE REFERÊNCIA JACUTINGA","42866","JACUTINGA","MG"
"INSTITUTO FEDERAL DO NORTE DE MINAS GERAIS","CAMPUS AVANÇADO JANAÚBA","42148","JANAÚBA","MG"
"INSTITUTO FEDERAL DO NORTE DE MINAS GERAIS","CAMPUS JANUÁRIA","2912","JANUÁRIA","MG"
"INSTITUTO FEDERAL DE MINAS GERAIS","CENTRO DE REFERÊNCIA DE JECEABA","42247","JECEABA","MG"
"INSTITUTO FEDERAL DE MINAS GERAIS","CENTRO DE REFERÊNCIA DE JEQUERI","42255","JEQUERI","MG"
"INSTITUTO FEDERAL DO SUDESTE DE MINAS GERAIS","CAMPUS JUIZ DE FORA","2958","JUIZ DE FORA","MG"
"INSTITUTO FEDERAL DE MINAS GERAIS","CENTRO DE REFERÊNCIA DE LAGOA DA PRATA","42283","LAGOA DA PRATA","MG"
"INSTITUTO FEDERAL DE MINAS GERAIS","CENTRO DE REFERÊNCIA DE LAGOA SANTA","42293","LAGOA SANTA","MG"
"INSTITUTO FEDERAL DO SUL DE MINAS GERAIS","CENTRO DE REFERÊNCIA LAMBARI","42860","LAMBARI","MG"
"CENTRO FEDERAL DE EDUCAÇÃO TECNOLÓGICA DE MINAS GERAIS","UNED LEOPOLDINA","3063","LEOPOLDINA","MG"
"INSTITUTO FEDERAL DO SUL DE MINAS GERAIS","CAMPUS MACHADO","2998","MACHADO","MG"
"INSTITUTO FEDERAL DO SUDESTE DE MINAS GERAIS","CAMPUS MANHUAÇU","42051","MANHUAÇU","MG"
"INSTITUTO FEDERAL DE MINAS GERAIS","CENTRO DE REFERÊNCIA DE MARAVILHAS","42242","MARAVILHAS","MG"
"INSTITUTO FEDERAL DE MINAS GERAIS","CENTRO DE REFERÊNCIA DE MARILÉIA","42256","MARLIÉRIA","MG"
"INSTITUTO FEDERAL DE MINAS GERAIS","CENTRO DE REFERÊNCIA DE MATIPÓ","42258","MATIPÓ","MG"
"INSTITUTO FEDERAL DE MINAS GERAIS","CENTRO DE REFERÊNCIA DE MOEDA","42248","MOEDA","MG"
"INSTITUTO FEDERAL DO SUL DE MINAS GERAIS","CENTRO DE REFERÊNCIA MONTE SANTO DE MINAS","42876","MONTE SANTO DE MINAS","MG"
"INSTITUTO FEDERAL DO NORTE DE MINAS GERAIS","CAMPUS MONTES CLAROS","14171","MONTES CLAROS","MG"
"INSTITUTO FEDERAL DO NORTE DE MINAS GERAIS","CENTRO DE REFERÊNCIA EM EDUCAÇÃO A DISTÂNCIA","42743","MONTES CLAROS","MG"
"INSTITUTO FEDERAL DO SUDESTE DE MINAS GERAIS","CAMPUS MURIAÉ","13462","MURIAÉ","MG"
"INSTITUTO FEDERAL DO SUL DE MINAS GERAIS","CAMPUS MUZAMBINHO","3000","MUZAMBINHO","MG"
"CENTRO FEDERAL DE EDUCAÇÃO TECNOLÓGICA DE MINAS GERAIS","UNED NEPOMUCENO","3046","NEPOMUCENO","MG"
"INSTITUTO FEDERAL DE MINAS GERAIS","CENTRO DE REFERÊNCIA NEPOMUCENO","42297","NEPOMUCENO","MG"
"INSTITUTO FEDERAL DE MINAS GERAIS","CENTRO DE REFERÊNCIA NOVA ERA","42305","NOVA ERA","MG"
"INSTITUTO FEDERAL DE MINAS GERAIS","CENTRO DE REFERÊNCIA DE NOVA SERRANA","42231","NOVA SERRANA","MG"
"INSTITUTO FEDERAL DE MINAS GERAIS","CENTRO DE REFERÊNCIA DE OLIVEIRA","42287","OLIVEIRA","MG"
"INSTITUTO FEDERAL DE MINAS GERAIS","CAMPUS OURO BRANCO","20432","OURO BRANCO","MG"
"INSTITUTO FEDERAL DO SUL DE MINAS GERAIS","CENTRO DE REFERÊNCIA OURO FINO","42864","OURO FINO","MG"
"INSTITUTO FEDERAL DE MINAS GERAIS","CAMPUS OURO PRETO","2993","OURO PRETO","MG"
"INSTITUTO FEDERAL DE MINAS GERAIS","CENTRO DE REFERÊNCIA DE PAINS","42282","PAINS","MG"
"INSTITUTO FEDERAL DE MINAS GERAIS","CENTRO DE REFERÊNCIA DE PAGAGAIOS","42237","PAPAGAIOS","MG"
"INSTITUTO FEDERAL DO TRIÂNGULO MINEIRO","CAMPUS PARACATU","3366","PARACATU","MG"
"INSTITUTO FEDERAL DE MINAS GERAIS","CENTRO DE REFERÊNCIA DE PASSA TEMPO","42238","PASSA TEMPO","MG"
"INSTITUTO FEDERAL DO SUL DE MINAS GERAIS","CAMPUS PASSOS","14022","PASSOS","MG"
"INSTITUTO FEDERAL DO TRIÂNGULO MINEIRO","CAMPUS PATOS DE MINAS","30702","PATOS DE MINAS","MG"
"INSTITUTO FEDERAL DO TRIÂNGULO MINEIRO","CAMPUS PATROCÍNIO","13904","PATROCÍNIO","MG"
"INSTITUTO FEDERAL DE MINAS GERAIS","CENTRO DE REFERÊNCIA DE PEÇANHA","42269","PEÇANHA","MG"
"INSTITUTO FEDERAL DE MINAS GERAIS","CENTRO DE REFERÊNCIA PEDRA BONITA","42306","PEDRA BONITA","MG"
"INSTITUTO FEDERAL DE MINAS GERAIS","CENTRO DE REFERÊNCIA DE PERDÕES","42284","PERDÕES","MG"
"INSTITUTO FEDERAL DE MINAS GERAIS","CENTRO DE REFERÊNCIA DE PIRACEMA","42239","PIRACEMA","MG"
"INSTITUTO FEDERAL DO NORTE DE MINAS GERAIS","CAMPUS PIRAPORA","14172","PIRAPORA","MG"
"INSTITUTO FEDERAL DE MINAS GERAIS","CAMPUS AVANÇADO PITANGUI","42122","PITANGUI","MG"
"INSTITUTO FEDERAL DE MINAS GERAIS","CAMPUS AVANÇADO PIUMHI","42112","PIUMHI","MG"
"INSTITUTO FEDERAL DO SUL DE MINAS GERAIS","CAMPUS POÇOS DE CALDAS","14020","POÇOS DE CALDAS","MG"
"INSTITUTO FEDERAL DE MINAS GERAIS","CAMPUS AVANÇADO PONTE NOVA","42123","PONTE NOVA","MG"
"INSTITUTO FEDERAL DO NORTE DE MINAS GERAIS","CAMPUS AVANÇADO PORTEIRINHA","42217","PORTEIRINHA","MG"
"INSTITUTO FEDERAL DO SUL DE MINAS GERAIS","CAMPUS POUSO ALEGRE","14021","POUSO ALEGRE","MG"
"INSTITUTO FEDERAL DE MINAS GERAIS","CENTRO DE REFERÊNCIA DE RAPOSOS","42279","RAPOSOS","MG"
"INSTITUTO FEDERAL DE MINAS GERAIS","CENTRO DE REFERÊNCIA RAUL SOARES","42307","RAUL SOARES","MG"
"INSTITUTO FEDERAL DE MINAS GERAIS","CAMPUS RIBEIRÃO DAS NEVES","20431","RIBEIRÃO DAS NEVES","MG"
"INSTITUTO FEDERAL DE MINAS GERAIS","CENTRO DE REFERÊNCIA RIO ESPERA","43159","RIO ESPERA","MG"
"INSTITUTO FEDERAL DO SUDESTE DE MINAS GERAIS","CAMPUS RIO POMBA","2991","RIO POMBA","MG"
"INSTITUTO FEDERAL DE MINAS GERAIS","CENTRO DE REFERÊNCIA DE RIO VERMELHO","42270","RIO VERMELHO","MG"
"INSTITUTO FEDERAL DE MINAS GERAIS","CAMPUS SABARÁ","23460","SABARÁ","MG"
"INSTITUTO FEDERAL DE MINAS GERAIS","CENTRO DE REFERÊNCIA DE SABINÓPOLIS","42272","SABINÓPOLIS","MG"
"INSTITUTO FEDERAL DO NORTE DE MINAS GERAIS","CAMPUS SALINAS","2913","SALINAS","MG"
"INSTITUTO FEDERAL DE MINAS GERAIS","CENTRO DE REFERÊNCIA DE SANTA BÁRBARA","42259","SANTA BÁRBARA","MG"
"INSTITUTO FEDERAL DE MINAS GERAIS","CAMPUS SANTA LUZIA","42125","SANTA LUZIA","MG"
"INSTITUTO FEDERAL DE MINAS GERAIS","CENTRO DE REFERÊNCIA DE SANTA MARIA DO SUAÇUÍ","42273","SANTA MARIA DO SUAÇUÍ","MG"
"INSTITUTO FEDERAL DE MINAS GERAIS","CENTRO DE REFERÊNCIA DE SANTO ANTÔNIO DO AMPARO","42285","SANTO ANTÔNIO DO AMPARO","MG"
"INSTITUTO FEDERAL DO SUDESTE DE MINAS GERAIS","CAMPUS SANTOS DUMONT","20415","SANTOS DUMONT","MG"
"INSTITUTO FEDERAL DE MINAS GERAIS","CENTRO DE REFERÊNCIA DE SÃO BRÁS DO SUAÇUÍ","42249","SÃO BRÁS DO SUAÇUÍ","MG"
"INSTITUTO FEDERAL DE MINAS GERAIS","CENTRO DE REFERÊNCIA SÃO DOMINGOS DO PRATA","42309","SÃO DOMINGOS DO PRATA","MG"
"INSTITUTO FEDERAL DE MINAS GERAIS","CENTRO DE REFERÊNCIA DE SÃO GONÇALO DO RIO PRETO","42274","SÃO GONÇALO DO RIO PRETO","MG"
"INSTITUTO FEDERAL DO SUDESTE DE MINAS GERAIS","CAMPUS SÃO JOÃO DEL REI","13463","SÃO JOÃO DEL REI","MG"
"INSTITUTO FEDERAL DE MINAS GERAIS","CAMPUS SÃO JOÃO EVANGELISTA","2995","SÃO JOÃO EVANGELISTA","MG"
"INSTITUTO FEDERAL DE MINAS GERAIS","CENTRO DE REFERÊNCIA SÃO PEDRO DOS FERROS","42310","SÃO PEDRO DOS FERROS","MG"
"INSTITUTO FEDERAL DE MINAS GERAIS","CENTRO DE REFERÊNCIA DE SÃO PEDRO DO SUAÇUÍ","42275","SÃO PEDRO DO SUAÇUÍ","MG"
"INSTITUTO FEDERAL DO SUL DE MINAS GERAIS","CENTRO DE REFERÊNCIA SÃO SEBASTIÃO DO PARAÍSO","42862","SÃO SEBASTIÃO DO PARAÍSO","MG"
"INSTITUTO FEDERAL DE MINAS GERAIS","CENTRO DE REFERÊNCIA DE SERRO","42276","SERRO","MG"
"INSTITUTO FEDERAL DE MINAS GERAIS","CAMPUS AVANÇADO SETE LAGOAS","42120","SETE LAGOAS","MG"
"INSTITUTO FEDERAL DE MINAS GERAIS","CENTRO DE REFERÊNCIA DE TAQUARAÇU DE MINAS","42289","TAQUARAÇU DE MINAS","MG"
"INSTITUTO FEDERAL DO NORTE DE MINAS GERAIS","CAMPUS TEÓFILO OTONI","42071","TEÓFILO OTONI","MG"
"CENTRO FEDERAL DE EDUCAÇÃO TECNOLÓGICA DE MINAS GERAIS","UNED TIMÓTEO","3045","TIMÓTEO","MG"
"INSTITUTO FEDERAL DO SUL DE MINAS GERAIS","CAMPUS AVANÇADO TRÊS CORAÇÕES","32023","TRÊS CORAÇÕES","MG"
"INSTITUTO FEDERAL DO SUL DE MINAS GERAIS","CENTRO DE REFERÊNCIA TRÊS PONTAS","42875","TRÊS PONTAS","MG"
"INSTITUTO FEDERAL DO SUDESTE DE MINAS GERAIS","CAMPUS AVANÇADO UBÁ","42206","UBÁ","MG"
"INSTITUTO FEDERAL DO TRIÂNGULO MINEIRO","CAMPUS AVANÇADO UBERABA PARQUE TECNOLÓGICO","42736","UBERABA","MG"
"INSTITUTO FEDERAL DO TRIÂNGULO MINEIRO","CAMPUS UBERABA","2960","UBERABA","MG"
"UNIVERSIDADE FEDERAL DO TRIÂNGULO MINEIRO","CENTRO DE FORMAÇÃO ESPECIAL EM SAÚDE DA UFTM","12877","UBERABA","MG"
"INSTITUTO FEDERAL DO TRIÂNGULO MINEIRO","CAMPUS UBERLÂNDIA","2963","UBERLÂNDIA","MG"
"INSTITUTO FEDERAL DO TRIÂNGULO MINEIRO","CAMPUS UBERLÂNDIA CENTRO","13903","UBERLÂNDIA","MG"
"UNIVERSIDADE FEDERAL DE UBERLÂNDIA","ESCOLA TÉCNICA DE SAÚDE DA UFU","12975","UBERLÂNDIA","MG"
"CENTRO FEDERAL DE EDUCAÇÃO TECNOLÓGICA DE MINAS GERAIS","UNED VARGINHA","3044","VARGINHA","MG"
"INSTITUTO FEDERAL DO SUL DE MINAS GERAIS","CENTRO DE REFERÊNCIA VARGINHA","42869","VARGINHA","MG"
"INSTITUTO FEDERAL DE MINAS GERAIS","CENTRO DE REFERÊNCIA DE VESPASIANO","42291","VESPASIANO","MG"
"INSTITUTO FEDERAL DE MINAS GERAIS","CENTRO DE REFERÊNCIA DE VISCONDE DE RIO BRANCO","42260","VISCONDE DO RIO BRANCO","MG"
"INSTITUTO FEDERAL DO PARÁ","CAMPUS ABAETETUBA","3524","ABAETETUBA","PA"
"INSTITUTO FEDERAL DO PARÁ","CAMPUS ALTAMIRA","2916","ALTAMIRA","PA"
"INSTITUTO FEDERAL DO PARÁ","CAMPUS ANANINDEUA","32043","ANANINDEUA","PA"
"INSTITUTO FEDERAL DO PARÁ","CAMPUS BELÉM","2914","BELÉM","PA"
"UNIVERSIDADE FEDERAL DO PARÁ","ESCOLA DE MÚSICA DA UFPA","12978","BELÉM","PA"
"UNIVERSIDADE FEDERAL DO PARÁ","ESCOLA DE TEATRO E DANÇA DA UFPA","12979","BELÉM","PA"
"INSTITUTO FEDERAL DO PARÁ","CAMPUS BRAGANÇA","3526","BRAGANÇA","PA"
"INSTITUTO FEDERAL DO PARÁ","CAMPUS BREVES","13863","BREVES","PA"
"INSTITUTO FEDERAL DO PARÁ","CAMPUS CAMETÁ","32358","CAMETÁ","PA"
"INSTITUTO FEDERAL DO PARÁ","CAMPUS CASTANHAL","2915","CASTANHAL","PA"
"INSTITUTO FEDERAL DO PARÁ","CAMPUS CONCEIÇÃO DO ARAGUAIA","3522","CONCEIÇÃO DO ARAGUAIA","PA"
"INSTITUTO FEDERAL DO PARÁ","CAMPUS ITAITUBA","13396","ITAITUBA","PA"
"INSTITUTO FEDERAL DO PARÁ","CAMPUS MARABÁ INDUSTRIAL","2919","MARABÁ","PA"
"INSTITUTO FEDERAL DO PARÁ","CAMPUS MARABÁ RURAL","2917","MARABÁ","PA"
"INSTITUTO FEDERAL DO PARÁ","CAMPUS ÓBIDOS","32074","ÓBIDOS","PA"
"INSTITUTO FEDERAL DO PARÁ","CAMPUS PARAGOMINAS","32357","PARAGOMINAS","PA"
"INSTITUTO FEDERAL DO PARÁ","CAMPUS PARAUAPEBAS","32045","PARAUAPEBAS","PA"
"INSTITUTO FEDERAL DO PARÁ","CAMPUS SANTARÉM","13395","SANTARÉM","PA"
"INSTITUTO FEDERAL DO PARÁ","CAMPUS TUCURUÍ","2918","TUCURUÍ","PA"
"INSTITUTO FEDERAL DO PARÁ","CAMPUS AVANÇADO VIGIA","32049","VIGIA","PA"
"INSTITUTO FEDERAL DA PARAÍBA","CAMPUS AVANÇADO AREIA","32034","AREIA","PB"
"UNIVERSIDADE FEDERAL DA PARAÍBA","COLÉGIO AGRÍCOLA VIDAL DE NEGREIROS DA UFPB","3565","BANANEIRAS","PB"
"INSTITUTO FEDERAL DA PARAÍBA","CAMPUS AVANÇADO CABEDELO CENTRO","32310","CABEDELO","PB"
"INSTITUTO FEDERAL DA PARAÍBA","CAMPUS CABEDELO","3562","CABEDELO","PB"
"INSTITUTO FEDERAL DA PARAÍBA","CAMPUS CAJAZEIRAS","2808","CAJAZEIRAS","PB"
"UNIVERSIDADE FEDERAL DE CAMPINA GRANDE","ESCOLA TÉCNICA DE SAÚDE DE CAJAZEIRAS DA UFCG","534","CAJAZEIRAS","PB"
"INSTITUTO FEDERAL DA PARAÍBA","CAMPUS CAMPINA GRANDE","2813","CAMPINA GRANDE","PB"
"INSTITUTO FEDERAL DA PARAÍBA","CAMPUS CATOLÉ DO ROCHA","32027","CATOLÉ DO ROCHA","PB"
"INSTITUTO FEDERAL DA PARAÍBA","CAMPUS ESPERANÇA","32029","ESPERANÇA","PB"
"INSTITUTO FEDERAL DA PARAÍBA","CAMPUS GUARABIRA","20808","GUARABIRA","PB"
"INSTITUTO FEDERAL DA PARAÍBA","CAMPUS ITABAIANA","32030","ITABAIANA","PB"
"INSTITUTO FEDERAL DA PARAÍBA","CAMPUS ITAPORANGA","42528","ITAPORANGA","PB"
"INSTITUTO FEDERAL DA PARAÍBA","CAMPUS AVANÇADO JOÃO PESSOA MANGABEIRA","32038","JOÃO PESSOA","PB"
"INSTITUTO FEDERAL DA PARAÍBA","CAMPUS JOÃO PESSOA","2809","JOÃO PESSOA","PB"
"UNIVERSIDADE FEDERAL DA PARAÍBA","ESCOLA TÉCNICA DE SAÚDE DA UFPB","354","JOÃO PESSOA","PB"
"INSTITUTO FEDERAL DA PARAÍBA","CAMPUS MONTEIRO","3585","MONTEIRO","PB"
"INSTITUTO FEDERAL DA PARAÍBA","CAMPUS PATOS","3584","PATOS","PB"
"INSTITUTO FEDERAL DA PARAÍBA","CAMPUS AVANÇADO PEDRAS DE FOGO","32039","PEDRAS DE FOGO","PB"
"INSTITUTO FEDERAL DA PARAÍBA","CAMPUS PICUÍ","3567","PICUÍ","PB"
"INSTITUTO FEDERAL DA PARAÍBA","CAMPUS PRINCESA ISABEL","3566","PRINCESA ISABEL","PB"
"INSTITUTO FEDERAL DA PARAÍBA","CAMPUS SANTA LUZIA","42313","SANTA LUZIA","PB"
"INSTITUTO FEDERAL DA PARAÍBA","CAMPUS SANTA RITA","42347","SANTA RITA","PB"
"INSTITUTO FEDERAL DA PARAÍBA","CAMPUS AVANÇADO SOLEDADE","42331","SOLEDADE","PB"
"INSTITUTO FEDERAL DA PARAÍBA","CAMPUS SOUSA","2810","SOUSA","PB"
"UNIVERSIDADE TECNOLÓGICA FEDERAL DO PARANÁ","CAMPUS APUCARANA","3672","APUCARANA","PR"
"INSTITUTO FEDERAL DO PARANÁ","CAMPUS AVANÇADO ARAPONGAS","46205","ARAPONGAS","PR"
"INSTITUTO FEDERAL DO PARANÁ","CAMPUS ASSIS CHATEAUBRIAND","13781","ASSIS CHATEAUBRIAND","PR"
"INSTITUTO FEDERAL DO PARANÁ","CAMPUS AVANÇADO ASTORGA","31962","ASTORGA","PR"
"INSTITUTO FEDERAL DO PARANÁ","CAMPUS AVANÇADO BANDEIRANTES","32001","BANDEIRANTES","PR"
"INSTITUTO FEDERAL DO PARANÁ","CAMPUS AVANÇADO BARRACÃO","31963","BARRACÃO","PR"
"INSTITUTO FEDERAL DO PARANÁ","CAMPUS CAMPO LARGO","13805","CAMPO LARGO","PR"
"UNIVERSIDADE TECNOLÓGICA FEDERAL DO PARANÁ","CAMPUS CAMPO MOURÃO","3199","CAMPO MOURÃO","PR"
"INSTITUTO FEDERAL DO PARANÁ","CAMPUS CAPANEMA","23467","CAPANEMA","PR"
"INSTITUTO FEDERAL DO PARANÁ","CAMPUS CASCAVEL","13789","CASCAVEL","PR"
"INSTITUTO FEDERAL DO PARANÁ","CAMPUS COLOMBO","23761","COLOMBO","PR"
"UNIVERSIDADE TECNOLÓGICA FEDERAL DO PARANÁ","CAMPUS CORNÉLIO PROCÓPIO","3288","CORNÉLIO PROCÓPIO","PR"
"INSTITUTO FEDERAL DO PARANÁ","CAMPUS AVANÇADO CORONEL VIVIDA","31964","CORONEL VIVIDA","PR"
"INSTITUTO FEDERAL DO PARANÁ","CAMPUS CURITIBA","2924","CURITIBA","PR"
"UNIVERSIDADE FEDERAL DO PARANÁ SETOR DE EDUCAÇÃO PROFISSIONAL E TECNÓLOGICA","UNIVERSIDADE FEDERAL DO PARANÁ SETOR DE EDUCAÇÃO PROFISSIONAL E TECNÓLOGICA","13860","CURITIBA","PR"
"UNIVERSIDADE TECNOLÓGICA FEDERAL DO PARANÁ","CAMPUS CURITIBA U","3093","CURITIBA","PR"
"UNIVERSIDADE TECNOLÓGICA FEDERAL DO PARANÁ","CAMPUS DOIS VIZINHOS","3182","DOIS VIZINHOS","PR"
"INSTITUTO FEDERAL DO PARANÁ","CAMPUS FOZ DO IGUAÇU","3258","FOZ DO IGUAÇU","PR"
"INSTITUTO FEDERAL DO PARANÁ","CAMPUS AVANÇADO GOIOERÊ","43385","GOIOERÊ","PR"
"INSTITUTO FEDERAL DO PARANÁ","CAMPUS AVANÇADO GUAÍRA","32003","GUAÍRA","PR"
"INSTITUTO FEDERAL DO PARANÁ","CAMPUS IRATI","13780","IRATI","PR"
"INSTITUTO FEDERAL DO PARANÁ","CAMPUS IVAIPORÃ","13775","IVAIPORÃ","PR"
"INSTITUTO FEDERAL DO PARANÁ","CAMPUS JACAREZINHO","13772","JACAREZINHO","PR"
"INSTITUTO FEDERAL DO PARANÁ","CAMPUS JAGUARIAÍVA","23463","JAGUARIAÍVA","PR"
"INSTITUTO FEDERAL DO PARANÁ","CAMPUS AVANÇADO LAPA","31969","LAPA","PR"
"INSTITUTO FEDERAL DO PARANÁ","CAMPUS LONDRINA","13777","LONDRINA","PR"
"UNIVERSIDADE TECNOLÓGICA FEDERAL DO PARANÁ","CAMPUS LONDRINA U","3219","LONDRINA","PR"
"UNIVERSIDADE TECNOLÓGICA FEDERAL DO PARANÁ","CAMPUS MEDIANEIRA","3657","MEDIANEIRA","PR"
"INSTITUTO FEDERAL DO PARANÁ","CAMPUS PALMAS","13782","PALMAS","PR"
"INSTITUTO FEDERAL DO PARANÁ","CAMPUS PARANAGUÁ","3257","PARANAGUÁ","PR"
"INSTITUTO FEDERAL DO PARANÁ","CAMPUS PARANAVAÍ","13804","PARANAVAÍ","PR"
"UNIVERSIDADE TECNOLÓGICA FEDERAL DO PARANÁ","CAMPUS PATO BRANCO","3383","PATO BRANCO","PR"
"INSTITUTO FEDERAL DO PARANÁ","CAMPUS PINHAIS","23465","PINHAIS","PR"
"INSTITUTO FEDERAL DO PARANÁ","CAMPUS PITANGA","23464","PITANGA","PR"
"UNIVERSIDADE TECNOLÓGICA FEDERAL DO PARANÁ","CAMPUS PONTA GROSSA","3344","PONTA GROSSA","PR"
"INSTITUTO FEDERAL DO PARANÁ","CAMPUS AVANÇADO QUEDAS DO IGUAÇU","31975","QUEDAS DO IGUAÇU","PR"
"INSTITUTO FEDERAL DO PARANÁ","CAMPUS TELÊMACO BORBA","13774","TELÊMACO BORBA","PR"
"UNIVERSIDADE TECNOLÓGICA FEDERAL DO PARANÁ","CAMPUS TOLEDO","12931","TOLEDO","PR"
"UNIVERSIDADE TECNOLÓGICA FEDERAL DO PARANÁ","CAMPUS TOLEDO","3249","TOLEDO","PR"
"INSTITUTO FEDERAL DO PARANÁ","CAMPUS UMUARAMA","13771","UMUARAMA","PR"
"INSTITUTO FEDERAL DO PARANÁ","CAMPUS UNIÃO DA VITÓRIA","23466","UNIÃO DA VITÓRIA","PR"
"INSTITUTO FEDERAL DE PERNAMBUCO","CAMPUS ABREU E LIMA","32366","ABREU E LIMA","PE"
"INSTITUTO FEDERAL DE PERNAMBUCO","CAMPUS AFOGADOS DA INGAZEIRA","14106","AFOGADOS DA INGAZEIRA","PE"
"INSTITUTO FEDERAL DO SERTÃO PERNAMBUCANO","CENTRO DE REFERÊNCIA AFRÂNIO","32110","AFRÂNIO","PE"
"INSTITUTO FEDERAL DE PERNAMBUCO","CAMPUS BARREIROS","2857","BARREIROS","PE"
"INSTITUTO FEDERAL DE PERNAMBUCO","CAMPUS BELO JARDIM","2858","BELO JARDIM","PE"
"INSTITUTO FEDERAL DE PERNAMBUCO","CAMPUS CABO DE SANTO AGOSTINHO","32118","CABO DE SANTO AGOSTINHO","PE"
"INSTITUTO FEDERAL DE PERNAMBUCO","CAMPUS CARUARU","14103","CARUARU","PE"
"INSTITUTO FEDERAL DO SERTÃO PERNAMBUCANO","CAMPUS FLORESTA","2877","FLORESTA","PE"
"INSTITUTO FEDERAL DE PERNAMBUCO","CAMPUS GARANHUNS","14104","GARANHUNS","PE"
"INSTITUTO FEDERAL DE PERNAMBUCO","CAMPUS IGARASSU","32364","IGARASSU","PE"
"INSTITUTO FEDERAL DE PERNAMBUCO","CAMPUS IPOJUCA","2862","IPOJUCA","PE"
"INSTITUTO FEDERAL DE PERNAMBUCO","CAMPUS JABOATÃO DOS GUARARAPES","32132","JABOATÃO DOS GUARARAPES","PE"
"INSTITUTO FEDERAL DE PERNAMBUCO","CAMPUS OLINDA","32363","OLINDA","PE"
"INSTITUTO FEDERAL DO SERTÃO PERNAMBUCANO","CAMPUS OURICURI","14184","OURICURI","PE"
"INSTITUTO FEDERAL DE PERNAMBUCO","CAMPUS PALMARES","32362","PALMARES","PE"
"INSTITUTO FEDERAL DE PERNAMBUCO","CAMPUS PAULISTA","32365","PAULISTA","PE"
"INSTITUTO FEDERAL DE PERNAMBUCO","CAMPUS PESQUEIRA","2867","PESQUEIRA","PE"
"INSTITUTO FEDERAL DO SERTÃO PERNAMBUCANO","CENTRO DE REFERÊNCIA PETROLÂNDIA","32112","PETROLÂNDIA","PE"
"INSTITUTO FEDERAL DO SERTÃO PERNAMBUCANO","CAMPUS PETROLINA","2873","PETROLINA","PE"
"INSTITUTO FEDERAL DO SERTÃO PERNAMBUCANO","CAMPUS PETROLINA ZONA RURAL","2875","PETROLINA","PE"
"INSTITUTO FEDERAL DE PERNAMBUCO","CAMPUS RECIFE","2856","RECIFE","PE"
"INSTITUTO FEDERAL DO SERTÃO PERNAMBUCANO","CAMPUS SALGUEIRO","14185","SALGUEIRO","PE"
"INSTITUTO FEDERAL DO SERTÃO PERNAMBUCANO","CAMPUS SANTA MARIA DA BOA VISTA","32044","SANTA MARIA DA BOA VISTA","PE"
"UNIVERSIDADE FEDERAL DO RURAL DE PERNAMBUCO","COLÉGIO AGRÍCOLA DOM AGOSTINHO IKAS DA UFRPE","12974","SÃO LOURENÇO DA MATA","PE"
"INSTITUTO FEDERAL DO SERTÃO PERNAMBUCANO","CAMPUS SERRA TALHADA","32042","SERRA TALHADA","PE"
"INSTITUTO FEDERAL DO SERTÃO PERNAMBUCANO","CENTRO DE REFERÊNCIA SERTÂNIA","32117","SERTÂNIA","PE"
"INSTITUTO FEDERAL DE PERNAMBUCO","CAMPUS VITÓRIA DE SANTO ANTÃO","2860","VITÓRIA DE SANTO ANTÃO","PE"
"INSTITUTO FEDERAL DO PIAUÍ","CAMPUS ANGICAL DO PIAUÍ","13291","ANGICAL DO PIAUÍ","PI"
"COLÉGIO TÉCNICO DE BOM JESUS","COLÉGIO TÉCNICO DE BOM JESUS","12980","BOM JESUS","PI"
"INSTITUTO FEDERAL DO PIAUÍ","CAMPUS CAMPO MAIOR","31989","CAMPO MAIOR","PI"
"INSTITUTO FEDERAL DO PIAUÍ","CAMPUS COCAL","31992","COCAL","PI"
"INSTITUTO FEDERAL DO PIAUÍ","CAMPUS CORRENTE","13293","CORRENTE","PI"
"COLÉGIO TÉCNICO DE FLORIANO","COLÉGIO TÉCNICO DE FLORIANO","3744","FLORIANO","PI"
"INSTITUTO FEDERAL DO PIAUÍ","CAMPUS FLORIANO","2921","FLORIANO","PI"
"INSTITUTO FEDERAL DO PIAUÍ","CENTRO DE REFERÊNCIA DE GUADALUPE","42896","GUADALUPE","PI"
"INSTITUTO FEDERAL DO PIAUÍ","CAMPUS AVANÇADO JOSÉ FREITAS","31993","JOSÉ DE FREITAS","PI"
"INSTITUTO FEDERAL DO PIAUÍ","CAMPUS OEIRAS","22643","OEIRAS","PI"
"INSTITUTO FEDERAL DO PIAUÍ","CAMPUS PARNAÍBA","2923","PARNAÍBA","PI"
"INSTITUTO FEDERAL DO PIAUÍ","CAMPUS PAULISTANA","13306","PAULISTANA","PI"
"INSTITUTO FEDERAL DO PIAUÍ","CAMPUS PEDRO II","20429","PEDRO II","PI"
"INSTITUTO FEDERAL DO PIAUÍ","CAMPUS PICOS","2922","PICOS","PI"
"INSTITUTO FEDERAL DO PIAUÍ","CAMPUS AVANÇADO PIO IX","31994","PIO IX","PI"
"INSTITUTO FEDERAL DO PIAUÍ","CAMPUS PIRIPIRI","13292","PIRIPIRI","PI"
"INSTITUTO FEDERAL DO PIAUÍ","CAMPUS SÃO JOÃO DO PIAUÍ","20428","SÃO JOÃO DO PIAUÍ","PI"
"INSTITUTO FEDERAL DO PIAUÍ","CAMPUS SÃO RAIMUNDO NONATO","13305","SÃO RAIMUNDO NONATO","PI"
"COLÉGIO TÉCNICO DE TERESINA","COLÉGIO TÉCNICO DE TERESINA","12424","TERESINA","PI"
"INSTITUTO FEDERAL DO PIAUÍ","CAMPUS AVANÇADO DIRCEU ARCOVERDE","31991","TERESINA","PI"
"INSTITUTO FEDERAL DO PIAUÍ","CAMPUS TERESINA CENTRAL","2920","TERESINA","PI"
"INSTITUTO FEDERAL DO PIAUÍ","CAMPUS TERESINA ZONA SUL","4243","TERESINA","PI"
"INSTITUTO FEDERAL DO PIAUÍ","CAMPUS URUÇUÍ","13304","URUÇUÍ","PI"
"INSTITUTO FEDERAL DO PIAUÍ","CAMPUS VALENÇA DO PIAUÍ","31990","VALENÇA DO PIAUÍ","PI"
"CENTRO FEDERAL DE EDUCAÇÃO TECNOLÓGICA CELSO SUCKOW DA FONSECA","UNED ANGRA DOS REIS","20452","ANGRA DOS REIS","RJ"
"INSTITUTO FEDERAL DO RIO DE JANEIRO","CAMPUS ARRAIAL DO CABO","20445","ARRAIAL DO CABO","RJ"
"INSTITUTO FEDERAL DO RIO DE JANEIRO","CAMPUS BELFORD ROXO","42149","BELFORD ROXO","RJ"
"INSTITUTO FEDERAL FLUMINENSE","CAMPUS BOM JESUS DO ITABAPOANA","3008","BOM JESUS DO ITABAPOANA","RJ"
"INSTITUTO FEDERAL FLUMINENSE","CAMPUS CABO FRIO","3232","CABO FRIO","RJ"
"INSTITUTO FEDERAL FLUMINENSE","CAMPUS AVANÇADO CAMBUCI","32052","CAMBUCI","RJ"
"INSTITUTO FEDERAL FLUMINENSE","CAMPUS CAMPOS CENTRO","3009","CAMPOS DOS GOYTACAZES","RJ"
"INSTITUTO FEDERAL FLUMINENSE","CAMPUS CAMPOS GUARUS","3010","CAMPOS DOS GOYTACAZES","RJ"
"INSTITUTO FEDERAL FLUMINENSE","CENTRO DE REFERÊNCIA EM TECNOLOGIA, INFORMAÇÃO E COMUNICAÇÃO NA EDUCAÇÃO","44335","CAMPOS DOS GOYTACAZES","RJ"
"INSTITUTO FEDERAL FLUMINENSE","CENTRO DE REFERÊNCIA DE CARDOSO MOREIRA","42232","CARDOSO MOREIRA","RJ"
"INSTITUTO FEDERAL FLUMINENSE","CENTRO DE REFERÊNCIA DE CORDEIRO","42244","CORDEIRO","RJ"
"COLÉGIO PEDRO II","CAMPUS DUQUE DE CAXIAS CP","20565","DUQUE DE CAXIAS","RJ"
"INSTITUTO FEDERAL DO RIO DE JANEIRO","CAMPUS DUQUE DE CAXIAS","3124","DUQUE DE CAXIAS","RJ"
"INSTITUTO FEDERAL DO RIO DE JANEIRO","CAMPUS ENGENHEIRO PAULO DE FRONTIN","20446","ENGENHEIRO PAULO DE FRONTIN","RJ"
"INSTITUTO FEDERAL FLUMINENSE","CAMPUS ITABORAÍ","32054","ITABORAÍ","RJ"
"CENTRO FEDERAL DE EDUCAÇÃO TECNOLÓGICA CELSO SUCKOW DA FONSECA","UNED ITAGUAÍ","20449","ITAGUAÍ","RJ"
"INSTITUTO FEDERAL FLUMINENSE","CAMPUS ITAPERUNA","3231","ITAPERUNA","RJ"
"INSTITUTO FEDERAL FLUMINENSE","CAMPUS MACAÉ","3011","MACAÉ","RJ"
"INSTITUTO FEDERAL FLUMINENSE","CAMPUS AVANÇADO MARICÁ","42059","MARICÁ","RJ"
"INSTITUTO FEDERAL DO RIO DE JANEIRO","CAMPUS MESQUITA","32046","MESQUITA","RJ"
"INSTITUTO FEDERAL DO RIO DE JANEIRO","CAMPUS NILÓPOLIS","2937","NILÓPOLIS","RJ"
"COLÉGIO PEDRO II UNIDADE ESCOLAR DESCENTRALIZADA DE NITERÓI","COLÉGIO PEDRO II UNIDADE ESCOLAR DESCENTRALIZADA DE NITERÓI","43414","NITERÓI","RJ"
"INSTITUTO FEDERAL DO RIO DE JANEIRO","CAMPUS NITERÓI","42151","NITERÓI","RJ"
"CENTRO FEDERAL DE EDUCAÇÃO TECNOLÓGICA CELSO SUCKOW DA FONSECA","UNED NOVA FRIBURGO","3583","NOVA FRIBURGO","RJ"
"CENTRO FEDERAL DE EDUCAÇÃO TECNOLÓGICA CELSO SUCKOW DA FONSECA","UNED NOVA IGUAÇU","3062","NOVA IGUAÇU","RJ"
"INSTITUTO FEDERAL DO RIO DE JANEIRO","CAMPUS PARACAMBI","2943","PARACAMBI","RJ"
"CENTRO FEDERAL DE EDUCAÇÃO TECNOLÓGICA CELSO SUCKOW DA FONSECA","UNED PETRÓPOLIS","3582","PETRÓPOLIS","RJ"
"INSTITUTO FEDERAL DO RIO DE JANEIRO","CAMPUS PINHEIRAL","3006","PINHEIRAL","RJ"
"INSTITUTO FEDERAL FLUMINENSE","CAMPUS QUISSAMÃ","13909","QUISSAMÃ","RJ"
"INSTITUTO FEDERAL DO RIO DE JANEIRO","CAMPUS AVANÇADO RESENDE","31977","RESENDE","RJ"
"INSTITUTO FEDERAL FLUMINENSE","CENTRO DE REFERÊNCIA RIO BONITO","42234","RIO BONITO","RJ"
"CENTRO FEDERAL DE EDUCAÇÃO TECNOLÓGICA CELSO SUCKOW DA FONSECA","UNED MARIA DA GRAÇA","3064","RIO DE JANEIRO","RJ"
"CENTRO FEDERAL DE EDUCAÇÃO TECNOLÓGICA CELSO SUCKOW DA FONSECA","UNIDADE MARACANÃ","3037","RIO DE JANEIRO","RJ"
"COLÉGIO PEDRO II","CAMPUS CENTRO","1699","RIO DE JANEIRO","RJ"
"COLÉGIO PEDRO II","CAMPUS ENGENHO NOVO II","1702","RIO DE JANEIRO","RJ"
"COLÉGIO PEDRO II","CAMPUS HUMAITÁ I","43359","RIO DE JANEIRO","RJ"
"COLÉGIO PEDRO II","CAMPUS HUMAITÁ II","31396","RIO DE JANEIRO","RJ"
"COLÉGIO PEDRO II","CAMPUS REALENGO I","43413","RIO DE JANEIRO","RJ"
"COLÉGIO PEDRO II","CAMPUS REALENGO II","1703","RIO DE JANEIRO","RJ"
"COLÉGIO PEDRO II","CAMPUS SÃO CRISTÓVÃO II","43415","RIO DE JANEIRO","RJ"
"COLÉGIO PEDRO II","CAMPUS SÃO CRISTÓVÃO III","1700","RIO DE JANEIRO","RJ"
"COLEGIO PEDRO II","CAMPUS TIJUCA I","43416","RIO DE JANEIRO","RJ"
"COLÉGIO PEDRO II","CAMPUS TIJUCA II","1705","RIO DE JANEIRO","RJ"
"COLÉGIO PEDRO II","UNIDADE ENGENHO NOVO I","44132","RIO DE JANEIRO","RJ"
"COLEGIO PEDRO II","UNID SAO CRISTOVAO I","44133","RIO DE JANEIRO","RJ"
"ESCOLA TÉCNICA DO ARSENAL DE MARINHA DO RIO DE JANEIRO","ESCOLA TÉCNICA DO ARSENAL DE MARINHA DO RIO DE JANEIRO","13645","RIO DE JANEIRO","RJ"
"FUNDAÇÃO OSÓRIO","FUNDAÇÃO OSÓRIO","31910","RIO DE JANEIRO","RJ"
"FUNDAÇÃO OSWALDO CRUZ ESCOLA POLITÉCNICA DE SAÚDE JOAQUIM VENÂNCIO","FUNDAÇÃO OSWALDO CRUZ ESCOLA POLITÉCNICA DE SAÚDE JOAQUIM VENÂNCIO","1019","RIO DE JANEIRO","RJ"
"INSTITUTO BENJAMIN CONSTANT","INSTITUTO BENJAMIN CONSTANT","46064","RIO DE JANEIRO","RJ"
"INSTITUTO FEDERAL DO RIO DE JANEIRO","CAMPUS AVANÇADO RIO DE JANEIRO CENTRO","42126","RIO DE JANEIRO","RJ"
"INSTITUTO FEDERAL DO RIO DE JANEIRO","CAMPUS COMPLEXO DO ALEMÃO","42146","RIO DE JANEIRO","RJ"
"INSTITUTO FEDERAL DO RIO DE JANEIRO","CAMPUS CURICICA CIDADE DE DEUS","42147","RIO DE JANEIRO","RJ"
"INSTITUTO FEDERAL DO RIO DE JANEIRO","CAMPUS REALENGO","3004","RIO DE JANEIRO","RJ"
"INSTITUTO FEDERAL DO RIO DE JANEIRO","CAMPUS RIO DE JANEIRO","2942","RIO DE JANEIRO","RJ"
"INSTITUTO OSWALDO CRUZ","INSTITUTO OSWALDO CRUZ","14180","RIO DE JANEIRO","RJ"
"INSTITUTO FEDERAL FLUMINENSE","CAMPUS SANTO ANTÔNIO DE PÁDUA","32055","SANTO ANTÔNIO DE PÁDUA","RJ"
"INSTITUTO FEDERAL DO RIO DE JANEIRO","CAMPUS SÃO GONÇALO","3005","SÃO GONÇALO","RJ"
"INSTITUTO FEDERAL FLUMINENSE","CAMPUS AVANÇADO SÃO JOÃO DA BARRA","32053","SÃO JOÃO DA BARRA","RJ"
"INSTITUTO FEDERAL DO RIO DE JANEIRO","CAMPUS SÃO JOÃO DE MERITI","42150","SÃO JOÃO DE MERITI","RJ"
"UNIVERSIDADE FEDERAL RURAL DO RIO DE JANEIRO","COLÉGIO TÉCNICO DA UFRRJ","12976","SEROPÉDICA","RJ"
"CENTRO FEDERAL DE EDUCAÇÃO TECNOLÓGICA CELSO SUCKOW DA FONSECA","UNED VALENÇA","20450","VALENÇA","RJ"
"INSTITUTO FEDERAL DO RIO DE JANEIRO","CAMPUS VOLTA REDONDA","3530","VOLTA REDONDA","RJ"
"INSTITUTO FEDERAL DO RIO GRANDE DO NORTE","CAMPUS APODI","13008","APODI","RN"
"INSTITUTO FEDERAL DO RIO GRANDE DO NORTE","CAMPUS CAICÓ","13012","CAICÓ","RN"
"INSTITUTO FEDERAL DO RIO GRANDE DO NORTE","CAMPUS CANGUARETAMA","31311","CANGUARETAMA","RN"
"INSTITUTO FEDERAL DO RIO GRANDE DO NORTE","CAMPUS CEARÁ-MIRIM","31313","CEARÁ-MIRIM","RN"
"INSTITUTO FEDERAL DO RIO GRANDE DO NORTE","CAMPUS CURRAIS NOVOS","2976","CURRAIS NOVOS","RN"
"INSTITUTO FEDERAL DO RIO GRANDE DO NORTE","CAMPUS IPANGUAÇU","2964","IPANGUAÇU","RN"
"INSTITUTO FEDERAL DO RIO GRANDE DO NORTE","CAMPUS JOÃO CÂMARA","13013","JOÃO CÂMARA","RN"
"INSTITUTO FEDERAL DO RIO GRANDE DO NORTE","CAMPUS AVANÇADO LAJES","42053","LAJES","RN"
"UNIVERSIDADE FEDERAL DO RIO GRANDE DO NORTE","ESCOLA AGRÍCOLA DE JUNDIAÍ DA UFRN","3479","MACAÍBA","RN"
"INSTITUTO FEDERAL DO RIO GRANDE DO NORTE","CAMPUS MACAU","13016","MACAU","RN"
"INSTITUTO FEDERAL DO RIO GRANDE DO NORTE","CAMPUS MOSSORÓ","2977","MOSSORÓ","RN"
"INSTITUTO FEDERAL DO RIO GRANDE DO NORTE","INSTITUTO FEDERAL DO RIO GRANDE DO NORTE","30640","NATAL","RN"
"INSTITUTO FEDERAL DO RIO GRANDE DO NORTE","CAMPUS AVANÇADO NATAL ZONA LESTE","46314","NATAL","RN"
"INSTITUTO FEDERAL DO RIO GRANDE DO NORTE","CAMPUS NATAL CENTRAL","2959","NATAL","RN"
"INSTITUTO FEDERAL DO RIO GRANDE DO NORTE","CAMPUS NATAL CIDADE ALTA","20444","NATAL","RN"
"INSTITUTO FEDERAL DO RIO GRANDE DO NORTE","CAMPUS NATAL ZONA NORTE","2962","NATAL","RN"
"UNIVERSIDADE FEDERAL DO RIO GRANDE DO NORTE","ESCOLA DE MÚSICA DA UFRN","3215","NATAL","RN"
"UNIVERSIDADE FEDERAL DO RIO GRANDE DO NORTE","ESCOLA DE SAÚDE DA UFRN","3633","NATAL","RN"
"INSTITUTO FEDERAL DO RIO GRANDE DO NORTE","CAMPUS NOVA CRUZ","20414","NOVA CRUZ","RN"
"INSTITUTO FEDERAL DO RIO GRANDE DO NORTE","CAMPUS AVANÇADO PARELHAS","42055","PARELHAS","RN"
"INSTITUTO FEDERAL DO RIO GRANDE DO NORTE","CAMPUS PARNAMIRIM","20413","PARNAMIRIM","RN"
"INSTITUTO FEDERAL DO RIO GRANDE DO NORTE","CAMPUS PAU DOS FERROS","13017","PAU DOS FERROS","RN"
"INSTITUTO FEDERAL DO RIO GRANDE DO NORTE","CAMPUS SANTA CRUZ","13018","SANTA CRUZ","RN"
"INSTITUTO FEDERAL DO RIO GRANDE DO NORTE","CAMPUS SÃO GONÇALO DO AMARANTE","20419","SÃO GONÇALO DO AMARANTE","RN"
"INSTITUTO FEDERAL DO RIO GRANDE DO NORTE","CAMPUS SÃO PAULO DO POTENGI","31312","SÃO PAULO DO POTENGI","RN"
"INSTITUTO FEDERAL FARROUPILHA","CAMPUS ALEGRETE","2932","ALEGRETE","RS"
"INSTITUTO FEDERAL DO RIO GRANDE DO SUL","CAMPUS ALVORADA","32005","ALVORADA","RS"
"INSTITUTO FEDERAL SUL-RIO-GRANDENSE","CAMPUS BAGÉ","13827","BAGÉ","RS"
"INSTITUTO FEDERAL DO RIO GRANDE DO SUL","CAMPUS BENTO GONÇALVES","2936","BENTO GONÇALVES","RS"
"INSTITUTO FEDERAL SUL-RIO-GRANDENSE","CAMPUS CAMAQUÃ","13828","CAMAQUÃ","RS"
"INSTITUTO FEDERAL FARROUPILHA","CENTRO DE REFERÊNCIA CANDELÁRIA","43150","CANDELÁRIA","RS"
"INSTITUTO FEDERAL SULRIOGRANDENSE","CENTRO DE REFERÊNCIA CANDIOTA","42218","CANDIOTA","RS"
"INSTITUTO FEDERAL DO RIO GRANDE DO SUL","CAMPUS CANOAS","2938","CANOAS","RS"
"INSTITUTO FEDERAL FARROUPILHA","CENTRO DE REFERÊNCIA CARAZINHO","42177","CARAZINHO","RS"
"INSTITUTO FEDERAL DO RIO GRANDE DO SUL","CAMPUS CAXIAS DO SUL","13801","CAXIAS DO SUL","RS"
"INSTITUTO FEDERAL SUL-RIO-GRANDENSE","CAMPUS CHARQUEADAS","2930","CHARQUEADAS","RS"
"INSTITUTO FEDERAL DO RIO GRANDE DO SUL","CAMPUS ERECHIM","13681","ERECHIM","RS"
"INSTITUTO FEDERAL DO RIO GRANDE DO SUL","CAMPUS FARROUPILHA","13800","FARROUPILHA","RS"
"INSTITUTO FEDERAL DO RIO GRANDE DO SUL","CAMPUS FELIZ","13799","FELIZ","RS"
" INSTITUTO FEDERAL DE EDUCAÇÃO, CIÊNCIA E TECNOLOGIA FARROUPILHA","CÂMPUS FREDERICO WESTPHALEN","43190","FREDERICO WESTPHALEN","RS"
"INSTITUTO FEDERAL FARROUPILHA","CAMPUS FREDERICO WESTPHALEN","12748","FREDERICO WESTPHALEN","RS"
"INSTITUTO FEDERAL SULRIOGRANDENSE","CAMPUS GRAVATAÍ","42043","GRAVATAÍ","RS"
"INSTITUTO FEDERAL DO RIO GRANDE DO SUL","CAMPUS AVANÇADO GUAÍBA","42514","GUAÍBA","RS"
"INSTITUTO FEDERAL DO RIO GRANDE DO SUL","CAMPUS IBIRUBÁ","13798","IBIRUBÁ","RS"
"INSTITUTO FEDERAL SUL-RIO-GRANDENSE","CAMPUS AVANÇADO JAGUARÃO","31979","JAGUARÃO","RS"
"INSTITUTO FEDERAL FARROUPILHA","CAMPUS JAGUARI","22819","JAGUARI","RS"
"INSTITUTO FEDERAL FARROUPILHA","CAMPUS JÚLIO DE CASTILHOS","2933","JÚLIO DE CASTILHOS","RS"
"INSTITUTO FEDERAL SUL-RIO-GRANDENSE","CAMPUS LAJEADO","42048","LAJEADO","RS"
"INSTITUTO FEDERAL FARROUPILHA","CENTRO DE REFERÊNCIA DE NÃOMETOQUE","42178","NÃO-ME-TOQUE","RS"
"INSTITUTO FEDERAL SUL RIOGRANDENSE","CAMPUS AVANÇADO NOVO HAMBURGO","31980","NOVO HAMBURGO","RS"
"INSTITUTO FEDERAL DO RIO GRANDE DO SUL","CAMPUS OSÓRIO","14054","OSÓRIO","RS"
"INSTITUTO FEDERAL FARROUPILHA","CAMPUS PANAMBI","14080","PANAMBI","RS"
"INSTITUTO FEDERAL SUL-RIO-GRANDENSE","CAMPUS PASSO FUNDO","2931","PASSO FUNDO","RS"
"CENTRO DE REFERENCIA DO IFSUL","CENTRO DE REFERENCIA DO IFSUL","45430","PELOTAS","RS"
"INSTITUTO FEDERAL SUL-RIO-GRANDENSE","CAMPUS PELOTAS","2928","PELOTAS","RS"
"INSTITUTO FEDERAL SUL-RIO-GRANDENSE","CAMPUS PELOTAS VISCONDE DA GRAÇA","3736","PELOTAS","RS"
"CENTRO DE EDUCAÇÃO TECNOLÓGICA E PESQUISA EM SAÚDE- CETPS-ESCOLA GHC","CENTRO DE EDUCAÇÃO TECNOLÓGICA E PESQUISA EM SAÚDE- CETPS-ESCOLA GHC","45332","PORTO ALEGRE","RS"
"INSTITUTO FEDERAL DO RIO GRANDE DO SUL","CAMPUS PORTO ALEGRE","2939","PORTO ALEGRE","RS"
"INSTITUTO FEDERAL DO RIO GRANDE DO SUL","CAMPUS PORTO ALEGRE RESTINGA","13802","PORTO ALEGRE","RS"
"UNIVERSIDADE FEDERAL DO RIO GRANDE DO SUL","UNIVERSIDADE FEDERAL DO RIO GRANDE DO SUL","44226","PORTO ALEGRE","RS"
"INSTITUTO FEDERAL FARROUPILHA","CENTRO DE REFERÊNCIA QUARAÍ","42179","QUARAÍ","RS"
"INSTITUTO FEDERAL DO RIO GRANDE DO SUL","CAMPUS RIO GRANDE","2940","RIO GRANDE","RS"
"INSTITUTO FEDERAL DO RIO GRANDE DO SUL","CAMPUS ROLANTE","20455","ROLANTE","RS"
"INSTITUTO FEDERAL FARROUPILHA","CENTRO DE REFERÊNCIA ROSÁRIO DO SUL","43149","ROSÁRIO DO SUL","RS"
"INSTITUTO FEDERAL FARROUPILHA","CENTRO DE REFERÊNCIA SANTA CRUZ DO SUL","42182","SANTA CRUZ DO SUL","RS"
"INSTITUTO FEDERAL FARROUPILHA","REITORIA","43691","SANTA MARIA","RS"
"UNIVERSIDADE FEDERAL DE SANTA MARIA","COLÉGIO POLITÉCNICO DA UNIVERSIDADE FEDERAL SANTA MARIA","12737","SANTA MARIA","RS"
"UNIVERSIDADE FEDERAL DE SANTA MARIA","COLÉGIO TÉCNICO INDUSTRIAL DA UNIVERSIDADE FEDERAL DE SANTA MARIA","12739","SANTA MARIA","RS"
"INSTITUTO FEDERAL SUL-RIO-GRANDENSE","CAMPUS SANTANA DO LIVRAMENTO","20442","SANTANA DO LIVRAMENTO","RS"
"INSTITUTO FEDERAL FARROUPILHA","CAMPUS SANTA ROSA","13478","SANTA ROSA","RS"
"INSTITUTO FEDERAL FARROUPILHA","CENTRO DE REFERÊNCIA SANTIAGO","42180","SANTIAGO","RS"
"INSTITUTO FEDERAL FARROUPILHA","CAMPUS SANTO ÂNGELO","32048","SANTO ÂNGELO","RS"
"INSTITUTO FEDERAL FARROUPILHA","CAMPUS SANTO AUGUSTO","2934","SANTO AUGUSTO","RS"
"INSTITUTO FEDERAL FARROUPILHA","CAMPUS SÃO BORJA","13479","SÃO BORJA","RS"
"INSTITUTO FEDERAL FARROUPILHA","CENTRO DE REFERÊNCIA SÃO GABRIEL","42181","SÃO GABRIEL","RS"
"INSTITUTO FEDERAL FARROUPILHA","CAMPUS SÃO VICENTE DO SUL","2935","SÃO VICENTE DO SUL","RS"
"INSTITUTO FEDERAL SUL-RIO-GRANDENSE","CAMPUS SAPIRANGA","31909","SAPIRANGA","RS"
"INSTITUTO FEDERAL SUL-RIO-GRANDENSE","CAMPUS SAPUCAIA DO SUL","2929","SAPUCAIA DO SUL","RS"
"INSTITUTO FEDERAL DO RIO GRANDE DO SUL","CAMPUS SERTÃO","2941","SERTÃO","RS"
"INSTITUTO FEDERAL FARROUPILHA","CENTRO DE REFERÊNCIA TRÊS PASSOS","43152","TRÊS PASSOS","RS"
"INSTITUTO FEDERAL FARROUPILHA","CAMPUS AVANÇADO URUGUAIANA","32047","URUGUAIANA","RS"
"INSTITUTO FEDERAL DO RIO GRANDE DO SUL","CAMPUS VACARIA","32014","VACARIA","RS"
"INSTITUTO FEDERAL SUL-RIO-GRANDENSE","CAMPUS VENÂNCIO AIRES","20443","VENÂNCIO AIRES","RS"
"INSTITUTO FEDERAL DO RIO GRANDE DO SUL","CAMPUS AVANÇADO VERANÓPOLIS","42488","VERANÓPOLIS","RS"
"INSTITUTO FEDERAL DO RIO GRANDE DO SUL","CAMPUS VIAMÃO","32009","VIAMÃO","RS"
"INSTITUTO FEDERAL DE RONDÔNIA","CAMPUS ARIQUEMES","2927","ARIQUEMES","RO"
"INSTITUTO FEDERAL DE RONDÔNIA","CAMPUS CACOAL","13768","CACOAL","RO"
"INSTITUTO FEDERAL DE RONDÔNIA","CAMPUS COLORADO DO OESTE","2926","COLORADO DO OESTE","RO"
"INSTITUTO FEDERAL DE RONDÔNIA","CAMPUS GUAJARÁMIRIM","32051","GUAJARÁ-MIRIM","RO"
"INSTITUTO FEDERAL DE RONDONIA","CAMPUS JARU","44300","JARU","RO"
"INSTITUTO FEDERAL DE RONDÔNIA","CAMPUS JI-PARANÁ","3523","JI-PARANÁ","RO"
"INSTITUTO FEDERAL DE RONDÔNIA","CAMPUS PORTO VELHO CALAMA","2925","PORTO VELHO","RO"
"INSTITUTO FEDERAL DE RONDÔNIA","CAMPUS PORTO VELHO ZONA NORTE","13766","PORTO VELHO","RO"
"INSTITUTO FEDERAL DE RONDONIA","CAMPUS AVANÇADO SÃO MIGUEL DO GUAPORÉ","46242","SÃO MIGUEL DO GUAPORÉ","RO"
"INSTITUTO FEDERAL DE RONDÔNIA","CAMPUS VILHENA","13776","VILHENA","RO"
"INSTITUTO FEDERAL DE RORAIMA","CAMPUS AMAJARI","14208","AMAJARI","RR"
"FUNDAÇÃO UNIVERSIDADE FEDERAL DE RORAIMA","ESCOLA AGROTÉCNICA","12982","BOA VISTA","RR"
"INSTITUTO FEDERAL DE RORAIMA","CAMPUS BOA VISTA","2811","BOA VISTA","RR"
"INSTITUTO FEDERAL DE RORAIMA","CAMPUS ZONA OESTE","31391","BOA VISTA","RR"
"INSTITUTO FEDERAL DE RORAIMA","CAMPUS AVANÇADO BONFIM","43147","BONFIM","RR"
"INSTITUTO FEDERAL DE RORAIMA","CAMPUS NOVO PARAÍSO","2812","CARACARAÍ","RR"
"INSTITUTO FEDERAL CATARINENSE","CAMPUS AVANÇADO ABELARDO LUZ","31998","ABELARDO LUZ","SC"
"INSTITUTO FEDERAL CATARINENSE","CAMPUS ARAQUARI","2833","ARAQUARI","SC"
"INSTITUTO FEDERAL DE SANTA CATARINA","CAMPUS ARARANGUÁ","3028","ARARANGUÁ","SC"
"INSTITUTO FEDERAL CATARINENSE","CAMPUS BLUMENAU","20426","BLUMENAU","SC"
"INSTITUTO FEDERAL CATARINENSE","CAMPUS BRUSQUE","31328","BRUSQUE","SC"
"INSTITUTO FEDERAL DE SANTA CATARINA","CAMPUS CAÇADOR","14260","CAÇADOR","SC"
"INSTITUTO FEDERAL CATARINENSE","CAMPUS CAMBORIÚ","2832","CAMBORIÚ","SC"
"INSTITUTO FEDERAL DE SANTA CATARINA","CAMPUS CANOINHAS","14253","CANOINHAS","SC"
"INSTITUTO FEDERAL CATARINENSE","CENTRO DE REFERÊNCIA CAPINZAL","42340","CAPINZAL","SC"
"INSTITUTO FEDERAL CATARINENSE","CENTRO DE REFERÊNCIA CATANDUVAS","42343","CATANDUVAS","SC"
"INSTITUTO FEDERAL DE SANTA CATARINA","CAMPUS CHAPECÓ","2829","CHAPECÓ","SC"
"INSTITUTO FEDERAL CATARINENSE","CAMPUS CONCÓRDIA","2830","CONCÓRDIA","SC"
"INSTITUTO FEDERAL DE SANTA CATARINA","CAMPUS CRICIÚMA","14256","CRICIÚMA","SC"
"INSTITUTO FEDERAL DE SANTA CATARINA","CAMPUS FLORIANÓPOLIS","2824","FLORIANÓPOLIS","SC"
"INSTITUTO FEDERAL DE SANTA CATARINA","CAMPUS FLORIANÓPOLIS CONTINENTE","2826","FLORIANÓPOLIS","SC"
"INSTITUTO FEDERAL DE SANTA CATARINA","CENTRO DE REFERÊNCIA EM FORMAÇÃO E EDUCAÇÃO A DISTÂNCIA","42588","FLORIANÓPOLIS","SC"
"INSTITUTO FEDERAL CATARINENSE","CAMPUS FRAIBURGO","20424","FRAIBURGO","SC"
"INSTITUTO FEDERAL DE SANTA CATARINA","CAMPUS GAROPABA","14235","GAROPABA","SC"
"INSTITUTO FEDERAL DE SANTA CATARINA","CAMPUS GASPAR","14254","GASPAR","SC"
"INSTITUTO FEDERAL CATARINENSE","CAMPUS IBIRAMA","20411","IBIRAMA","SC"
"INSTITUTO FEDERAL DE SANTA CATARINA","CAMPUS ITAJAÍ","14252","ITAJAÍ","SC"
"INSTITUTO FEDERAL DE SANTA CATARINA","CAMPUS JARAGUÁ DO SUL","2827","JARAGUÁ DO SUL","SC"
"INSTITUTO FEDERAL DE SANTA CATARINA","CAMPUS JARAGUÁ DO SUL RAU","14261","JARAGUÁ DO SUL","SC"
"INSTITUTO FEDERAL DE SANTA CATARINA","CAMPUS JOINVILLE","2828","JOINVILLE","SC"
"INSTITUTO FEDERAL DE SANTA CATARINA","CAMPUS LAGES","14257","LAGES","SC"
"INSTITUTO FEDERAL CATARINENSE","CAMPUS LUZERNA","20410","LUZERNA","SC"
"INSTITUTO FEDERAL DE SANTA CATARINA","CAMPUS PALHOÇA","14258","PALHOÇA","SC"
"INSTITUTO FEDERAL CATARINENSE","CENTRO DE REFERÊNCIA POUSO REDONDO","42341","POUSO REDONDO","SC"
"INSTITUTO FEDERAL CATARINENSE","CAMPUS RIO DO SUL","2992","RIO DO SUL","SC"
"INSTITUTO FEDERAL CATARINENSE","CAMPUS SANTA ROSA DO SUL","2831","SANTA ROSA DO SUL","SC"
"INSTITUTO FEDERAL CATARINENSE","CAMPUS SÃO BENTO DO SUL","32012","SÃO BENTO DO SUL","SC"
"INSTITUTO FEDERAL DE SANTA CATARINA","CAMPUS SÃO CARLOS","31324","SÃO CARLOS","SC"
"INSTITUTO FEDERAL CATARINENSE","CAMPUS SÃO FRANCISCO DO SUL","20570","SÃO FRANCISCO DO SUL","SC"
"INSTITUTO FEDERAL DE SANTA CATARINA","CAMPUS SÃO JOSÉ","2825","SÃO JOSÉ","SC"
"INSTITUTO FEDERAL DE SANTA CATARINA","CAMPUS AVANÇADO SÃO LOURENÇO DO OESTE","32382","SÃO LOURENÇO DO OESTE","SC"
"INSTITUTO FEDERAL DE SANTA CATARINA","CAMPUS SÃO MIGUEL DO OESTE","14255","SÃO MIGUEL DO OESTE","SC"
"INSTITUTO FEDERAL CATARINENSE","CAMPUS AVANÇADO SOMBRIO","32008","SOMBRIO","SC"
"INSTITUTO FEDERAL DE SANTA CATARINA","CAMPUS TUBARÃO","31330","TUBARÃO","SC"
"INSTITUTO FEDERAL DE SANTA CATARINA","CAMPUS URUPEMA","14262","URUPEMA","SC"
"INSTITUTO FEDERAL CATARINENSE","CAMPUS VIDEIRA","13699","VIDEIRA","SC"
"INSTITUTO FEDERAL DE SANTA CATARINA","CAMPUS XANXERÊ","14259","XANXERÊ","SC"
"INSTITUTO FEDERAL DE SÃO PAULO","CAMPUS ARARAQUARA","14035","ARARAQUARA","SP"
"INSTITUTO FEDERAL DE SÃO PAULO","CAMPUS AVANÇADO ARARAS","32059","ARARAS","SP"
"INSTITUTO FEDERAL DE SÃO PAULO","CAMPUS AVARÉ","20388","AVARÉ","SP"
"INSTITUTO FEDERAL DE SÃO PAULO","CAMPUS BARRETOS","14034","BARRETOS","SP"
"INSTITUTO FEDERAL DE SÃO PAULO","CAMPUS BAURU","32143","BAURU","SP"
"INSTITUTO FEDERAL DE SÃO PAULO","CAMPUS BIRIGUI","14033","BIRIGUI","SP"
"INSTITUTO FEDERAL DE SÃO PAULO","CAMPUS BOITUVA","14342","BOITUVA","SP"
"INSTITUTO FEDERAL DE SÃO PAULO","CAMPUS BRAGANÇA PAULISTA","2847","BRAGANÇA PAULISTA","SP"
"INSTITUTO FEDERAL DE SÃO PAULO","CAMPUS CAMPINAS","30857","CAMPINAS","SP"
"INSTITUTO FEDERAL DE SÃO PAULO","CAMPUS CAMPOS DO JORDÃO","2851","CAMPOS DO JORDÃO","SP"
"INSTITUTO FEDERAL DE SÃO PAULO","CAMPUS CAPIVARI","14311","CAPIVARI","SP"
"INSTITUTO FEDERAL DE SÃO PAULO","CAMPUS CARAGUATATUBA","2848","CARAGUATATUBA","SP"
"INSTITUTO FEDERAL DE SÃO PAULO","CAMPUS CARAPICUÍBA","32144","CARAPICUÍBA","SP"
"INSTITUTO FEDERAL DE SÃO PAULO","CAMPUS CATANDUVA","14032","CATANDUVA","SP"
"INSTITUTO FEDERAL DE SÃO PAULO","CAMPUS CUBATÃO","2816","CUBATÃO","SP"
"INSTITUTO FEDERAL DE SÃO PAULO","CAMPUS AVANÇADO FERNANDÓPOLIS","42828","FERNANDÓPOLIS","SP"
"INSTITUTO FEDERAL DE SÃO PAULO","CAMPUS GUARULHOS","2818","GUARULHOS","SP"
"INSTITUTO FEDERAL DE SÃO PAULO","CAMPUS HORTOLÂNDIA","14356","HORTOLÂNDIA","SP"
"INSTITUTO FEDERAL DE SÃO PAULO","CAMPUS AVANÇADO ILHA SOLTEIRA","42733","ILHA SOLTEIRA","SP"
"INSTITUTO FEDERAL DE SÃO PAULO","CAMPUS ITAPECERICA DA SERRA","32145","ITAPECERICA DA SERRA","SP"
"INSTITUTO FEDERAL DE SÃO PAULO","CAMPUS ITAPETININGA","14030","ITAPETININGA","SP"
"INSTITUTO FEDERAL DE SÃO PAULO","CAMPUS ITAPEVA","32146","ITAPEVA","SP"
"INSTITUTO FEDERAL DE SÃO PAULO","CAMPUS ITAQUAQUECETUBA","32147","ITAQUAQUECETUBA","SP"
"INSTITUTO FEDERAL DE SÃO PAULO","CAMPUS JACAREÍ","32148","JACAREÍ","SP"
"INSTITUTO FEDERAL DE SÃO PAULO","CAMPUS AVANÇADO JUNDIAÍ","34969","JUNDIAÍ","SP"
"INSTITUTO FEDERAL DE SÃO PAULO","CAMPUS AVANÇADO LIMEIRA","32056","LIMEIRA","SP"
"INSTITUTO FEDERAL DE SÃO PAULO","CAMPUS MARÍLIA","32149","MARÍLIA","SP"
"INSTITUTO FEDERAL DE SÃO PAULO","CAMPUS MATÃO","14157","MATÃO","SP"
"INSTITUTO FEDERAL DE SÃO PAULO","CAMPUS AVANÇADO MOCOCA","32057","MOCOCA","SP"
"INSTITUTO FEDERAL DE SÃO PAULO","CAMPUS AVANÇADO PARAGUAÇU PAULISTA","32058","PARAGUAÇU PAULISTA","SP"
"INSTITUTO FEDERAL DE SÃO PAULO","CAMPUS PIRACICABA","14036","PIRACICABA","SP"
"INSTITUTO FEDERAL DE SÃO PAULO","CAMPUS AVANÇADO PIRASSUNUNGA","32060","PIRASSUNUNGA","SP"
"INSTITUTO FEDERAL DE SÃO PAULO","CAMPUS PRESIDENTE EPITÁCIO","14357","PRESIDENTE EPITÁCIO","SP"
"INSTITUTO FEDERAL DE SÃO PAULO","CAMPUS AVANÇADO PRESIDENTE PRUDENTE","32061","PRESIDENTE PRUDENTE","SP"
"INSTITUTO FEDERAL DE SÃO PAULO","CAMPUS REGISTRO","21884","REGISTRO","SP"
"INSTITUTO FEDERAL DE SÃO PAULO","CAMPUS AVANÇADO RIBEIRÃO PRETO","32064","RIBEIRÃO PRETO","SP"
"INSTITUTO FEDERAL DE SÃO PAULO","CAMPUS AVANÇADO RIO CLARO","32065","RIO CLARO","SP"
"INSTITUTO FEDERAL DE SÃO PAULO","CAMPUS SALTO","2849","SALTO","SP"
"INSTITUTO FEDERAL DE SÃO PAULO","CAMPUS AVANÇADO SANTO ANDRÉ","32066","SANTO ANDRÉ","SP"
"INSTITUTO FEDERAL DE SÃO PAULO","CAMPUS SÃO CARLOS","3029","SÃO CARLOS","SP"
"INSTITUTO FEDERAL DE SÃO PAULO","CAMPUS SÃO JOÃO DA BOA VISTA","2819","SÃO JOÃO DA BOA VISTA","SP"
"INSTITUTO FEDERAL DE SÃO PAULO","CAMPUS SÃO JOSÉ DOS CAMPOS","21809","SÃO JOSÉ DOS CAMPOS","SP"
"INSTITUTO FEDERAL DE SÃO PAULO","CAMPUS AVANÇADO SÃO PAULO SÃO MIGUEL","44456","SÃO PAULO","SP"
"INSTITUTO FEDERAL DE SÃO PAULO","CAMPUS SÃO PAULO","2815","SÃO PAULO","SP"
"INSTITUTO FEDERAL DE SÃO PAULO","CAMPUS SÃO PAULO PIRITUBA","43476","SÃO PAULO","SP"
"INSTITUTO FEDERAL DE SÃO PAULO","CENTRO DE REFERÊNCIA EM EDUCAÇÃO A DISTÂNCIA","46338","SÃO PAULO","SP"
"INSTITUTO FEDERAL DE SÃO PAULO","CAMPUS SÃO ROQUE","2850","SÃO ROQUE","SP"
"INSTITUTO FEDERAL DE SÃO PAULO","CAMPUS SERTÃOZINHO","2817","SERTÃOZINHO","SP"
"INSTITUTO FEDERAL DE SÃO PAULO","CAMPUS SOROCABA","32067","SOROCABA","SP"
"INSTITUTO FEDERAL DE SÃO PAULO","CAMPUS SUZANO","14037","SUZANO","SP"
"INSTITUTO FEDERAL DE SÃO PAULO","CAMPUS AVANÇADO TUPÃ","42735","TUPÃ","SP"
"INSTITUTO FEDERAL DE SÃO PAULO","CAMPUS AVANÇADO UBATUBA","32069","UBATUBA","SP"
"INSTITUTO FEDERAL DE SÃO PAULO","CAMPUS VOTUPORANGA","14038","VOTUPORANGA","SP"
"INSTITUTO FEDERAL DE SERGIPE","CAMPUS ARACAJU","2981","ARACAJU","SE"
"INSTITUTO FEDERAL DE SERGIPE","CAMPUS NOSSA SENHORA DO SOCORRO","32011","ARACAJU","SE"
"INSTITUTO FEDERAL DE SERGIPE","CENTRO DE REFERÊNCIA ARACAJÚ","42241","ARACAJU","SE"
"INSTITUTO FEDERAL DE SERGIPE","CAMPUS ESTÂNCIA","20064","ESTÂNCIA","SE"
"INSTITUTO FEDERAL DE SERGIPE","CAMPUS ITABAIANA","20063","ITABAIANA","SE"
"INSTITUTO FEDERAL DE SERGIPE","CAMPUS LAGARTO","3445","LAGARTO","SE"
"INSTITUTO FEDERAL DE SERGIPE","CAMPUS NOSSA SENHORA DA GLÓRIA","20078","NOSSA SENHORA DA GLÓRIA","SE"
"INSTITUTO FEDERAL DE SERGIPE","CAMPUS POÇO REDONDO","32370","POÇO REDONDO","SE"
"INSTITUTO FEDERAL DE SERGIPE","CAMPUS PROPRIÁ","32013","PROPRIÁ","SE"
"INSTITUTO FEDERAL DE SERGIPE","CAMPUS SÃO CRISTÓVÃO","3446","SÃO CRISTÓVÃO","SE"
"INSTITUTO FEDERAL DE SERGIPE","CAMPUS TOBIAS BARRETO","32015","TOBIAS BARRETO","SE"
"INSTITUTO FEDERAL DO TOCANTINS","CAMPUS ARAGUAÍNA","13819","ARAGUAÍNA","TO"
"INSTITUTO FEDERAL DO TOCANTINS","CAMPUS ARAGUATINS","2972","ARAGUATINS","TO"
"INSTITUTO FEDERAL DO TOCANTINS","CAMPUS COLINAS DO TOCANTINS","32026","COLINAS DO TOCANTINS","TO"
"INSTITUTO FEDERAL DO TOCANTINS","CAMPUS DIANÓPOLIS","21815","DIANÓPOLIS","TO"
"INSTITUTO FEDERAL DO TOCANTINS","CAMPUS AVANÇADO FORMOSO DO ARAGUAIA","32537","FORMOSO DO ARAGUAIA","TO"
"INSTITUTO FEDERAL DO TOCANTINS","CAMPUS GURUPI","13825","GURUPI","TO"
"INSTITUTO FEDERAL DO TOCANTINS","CAMPUS AVANÇADO LAGOA DA CONFUSÃO","32024","LAGOA DA CONFUSÃO","TO"
"INSTITUTO FEDERAL DO TOCANTINS","CAMPUS PALMAS","2970","PALMAS","TO"
"INSTITUTO FEDERAL DO TOCANTINS –","CENTRO DE REFERÊNCIA EM EDUCAÇÃO A DISTÂNCIA","46569","PALMAS","TO"
"INSTITUTO FEDERAL DO TOCANTINS","CAMPUS PARAÍSO DO TOCANTINS","2971","PARAÍSO DO TOCANTINS","TO"
"INSTITUTO FEDERAL DO TOCANTINS","CAMPUS AVANÇADO PEDRO AFONSO","32025","PEDRO AFONSO","TO"
"INSTITUTO FEDERAL DO TOCANTINS","CAMPUS PORTO NACIONAL","13824","PORTO NACIONAL","TO"
